"Name","Count"
"","19233"
"The","5850"
"and","5032"
"to","3200"
"of","3058"
"you","1893"
"I","1858"
"he","1821"
"a","1813"
"in","1629"
"for","1297"
"his","1277"
"as","1186"
"with","1134"
"it","1122"
"that","1113"
"him","1059"
"was","947"
"they","929"
"me","904"
"on","851"
"my","840"
"had","839"
"all","822"
"but","810"
"is","782"
"have","769"
"them","759"
"will","709"
"not","690"
"so","665"
"when","637"
"her","636"
"your","634"
"she","599"
"who","592"
"this","571"
"then","556"
"are","556"
"from","550"
"Ulysses","543"
"at","521"
"one","519"
"we","514"
"by","488"
"their","479"
"said","478"
"be","478"
"were","472"
"house","396"
"about","389"
"or","388"
"there","384"
"do","381"
"no","348"
"out","347"
"which","334"
"would","323"
"up","319"
"men","314"
"man","308"
"us","307"
"has","303"
"if","302"
"went","301"
"what","279"
"now","276"
"come","275"
"go","272"
"own","272"
"son","267"
"did","263"
"some","261"
"Tell","259"
"into","258"
"upon","258"
"been","255"
"Telemachus","248"
"may","242"
"can","242"
"home","235"
"over","230"
"suitors","230"
"here","218"
"any","215"
"ship","214"
"See","211"
"came","209"
"should","209"
"Father","208"
"down","208"
"shall","207"
"let","206"
"made","203"
"good","202"
"sea","202"
"an","201"
"much","200"
"am","198"
"our","198"
"could","196"
"back","194"
"take","194"
"off","188"
"took","186"
"other","182"
"while","180"
"where","179"
"great","179"
"'","176"
"gods","174"
"got","173"
"people","173"
"way","172"
"make","167"
"heaven","165"
"like","162"
"still","161"
"Jove","161"
"again","160"
"after","157"
"set","155"
"till","155"
"how","154"
"nor","152"
"answered","152"
"very","151"
"more","148"
"old","148"
"before","148"
"long","146"
"get","145"
"Minerva","144"
"among","142"
"such","142"
"hands","142"
"these","142"
"away","139"
"also","138"
"even","137"
"day","134"
"both","131"
"round","130"
"know","129"
"Thus","128"
"give","128"
"Many","127"
"saw","126"
"though","125"
"two","124"
"put","124"
"once","123"
"left","122"
"never","121"
"time","119"
"therefore","118"
"another","117"
"against","115"
"wine","113"
"every","113"
"water","112"
"well","112"
"must","111"
"first","110"
"than","109"
"brought","109"
"say","108"
"told","107"
"might","107"
"country","106"
"gave","101"
"without","101"
"Penelope","100"
"through","100"
"hand","100"
"yet","99"
"soon","99"
"going","98"
"heard","98"
"himself","96"
"drink","94"
"only","93"
"end","93"
"god","93"
"too","92"
"whether","92"
"Ithaca","91"
"stranger","90"
"mother","90"
"head","89"
"spoke","88"
"those","87"
"however","87"
"land","87"
"wife","87"
"side","87"
"others","86"
"nothing","86"
"return","85"
"began","84"
"myself","84"
"place","84"
"find","83"
"bed","83"
"best","82"
"town","82"
"saying","81"
"daughter","80"
"each","80"
"sent","79"
"young","78"
"killed","78"
"room","78"
"ever","77"
"far","76"
"done","76"
"under","75"
"gone","75"
"King","75"
"dead","75"
"yourself","75"
"wind","74"
"near","74"
"night","74"
"whole","74"
"mind","73"
"ground","73"
"city","72"
"sleep","72"
"most","71"
"cannot","71"
"Eumaeus","70"
"better","70"
"matter","70"
"whom","70"
"heart","70"
"want","70"
"hold","70"
"things","69"
"keep","69"
"ships","69"
"women","69"
"bring","69"
"fell","69"
"sheep","68"
"having","68"
"full","68"
"woman","67"
"death","67"
"Troy","67"
"just","66"
"Sun","66"
"think","66"
"servants","66"
"lay","64"
"eyes","64"
"laid","63"
"enough","63"
"being","63"
"right","63"
"reached","63"
"island","63"
"speak","63"
"bow","63"
"sons","61"
"Achaeans","61"
"leave","61"
"given","60"
"sat","60"
"live","60"
"Alcinous","60"
"Menelaus","60"
"eat","59"
"poor","59"
"send","59"
"husband","59"
"Look","59"
"seat","58"
"Antinous","57"
"swineherd","57"
"dear","56"
"hear","56"
"morning","56"
"fire","56"
"towards","55"
"found","55"
"whereon","55"
"friends","55"
"either","55"
"stay","55"
"else","55"
"feet","54"
"fair","53"
"looking","53"
"Neptune","53"
"themselves","53"
"board","53"
"fast","52"
"stood","52"
"servant","52"
"close","52"
"gold","52"
"inside","52"
"always","51"
"work","51"
"goddess","51"
"kind","50"
"ask","50"
"days","49"
"name","49"
"together","49"
"indeed","48"
"everything","48"
"court","48"
"kept","48"
"threw","47"
"maids","47"
"child","47"
"something","47"
"face","46"
"replied","46"
"neither","46"
"rest","46"
"clothes","45"
"Presently","45"
"dinner","45"
"kill","45"
"Last","44"
"Laertes","44"
"world","44"
"Same","44"
"behind","44"
"getting","43"
"drew","43"
"sit","43"
"blood","43"
"ill","43"
"fine","43"
"cloak","42"
"words","42"
"presents","42"
"help","42"
"life","42"
"crew","42"
"comes","42"
"shore","42"
"cave","41"
"spear","41"
"coming","41"
"longer","41"
"show","41"
"lying","41"
"turn","41"
"door","41"
"making","40"
"cloister","40"
"cut","40"
"hard","40"
"quite","40"
"bread","40"
"its","39"
"alive","39"
"called","39"
"does","39"
"along","39"
"Pylos","39"
"meat","39"
"trouble","39"
"taken","39"
"angry","39"
"master","38"
"further","38"
"because","38"
"knew","38"
"wish","38"
"friend","38"
"twelve","38"
"thought","38"
"alone","38"
"used","38"
"whose","38"
"fellow","38"
"seen","38"
"lost","38"
"high","38"
"within","37"
"sail","37"
"three","37"
"bad","37"
"sir","37"
"strong","37"
"Why","36"
"Nestor","36"
"Meanwhile","36"
"light","36"
"moment","36"
"raised","36"
"sword","36"
"anything","36"
"Phaeacians","35"
"held","35"
"care","35"
"talk","35"
"hope","35"
"present","35"
"already","35"
"thing","35"
"ready","34"
"fear","34"
"voyage","34"
"pigs","34"
"supper","34"
"doing","34"
"silver","34"
"lie","33"
"true","33"
"father's","33"
"goats","33"
"top","33"
"brave","33"
"armour","33"
"excellent","33"
"immortal","33"
"Calypso","33"
"shirt","33"
"moreover","33"
"stand","33"
"Agamemnon","32"
"filled","32"
"tears","32"
"nevertheless","32"
"reach","32"
"wash","32"
"able","32"
"Euryclea","32"
"story","31"
"little","31"
"Dawn","31"
"noble","31"
"eating","31"
"herself","31"
"straight","31"
"caught","31"
"cattle","31"
"Circe","30"
"marry","30"
"Hades","30"
"bound","30"
"earth","30"
"between","30"
"carried","30"
"outside","30"
"children","30"
"Mercury","29"
"clean","29"
"covered","29"
"wicked","29"
"listen","29"
"taking","29"
"thick","29"
"sure","29"
"fighting","29"
"golden","29"
"body","29"
"stayed","29"
"bronze","29"
"try","29"
"horses","29"
"cried","29"
"wept","28"
"weeping","28"
"years","28"
"property","28"
"Eurymachus","28"
"glad","28"
"year","28"
"outer","28"
"turned","28"
"waves","28"
"Apollo","28"
"sorrow","28"
"sitting","27"
"table","27"
"course","27"
"fight","27"
"led","27"
"word","27"
"chief","27"
"gathered","27"
"river","27"
"places","27"
"twenty","27"
"dark","27"
"front","27"
"large","27"
"wanted","26"
"beautiful","26"
"queen","26"
"rocks","26"
"call","26"
"foot","26"
"bearing","26"
"guest","26"
"flew","26"
"looked","26"
"string","26"
"winds","26"
"washed","26"
"offerings","26"
"evil","26"
"arms","26"
"bard","26"
"rock","26"
"hide","26"
"store","26"
"giving","25"
"part","25"
"spite","25"
"shoulders","25"
"estate","25"
"truth","25"
"Since","25"
"sacrifice","25"
"escape","25"
"trying","24"
"killing","24"
"man's","24"
"lives","24"
"talking","24"
"mountain","24"
"leaving","24"
"struck","24"
"appeared","24"
"ghost","24"
"seats","24"
"wait","24"
"point","24"
"die","24"
"BOOK","24"
"Jove's","24"
"mischief","24"
"person","24"
"Aegisthus","24"
"knees","23"
"surely","23"
"Ulysses'","23"
"assembly","23"
"Nurse","23"
"Pisistratus","23"
"Bear","23"
"drove","23"
"prayed","23"
"stone","23"
"open","23"
"ghosts","23"
"nine","23"
"seeing","23"
"wood","23"
"pray","23"
"itself","23"
"bade","23"
"strength","23"
"sailed","23"
"iron","22"
"means","22"
"born","22"
"run","22"
"harbour","22"
"spears","22"
"happened","22"
"doors","22"
"asked","22"
"makes","22"
"wall","22"
"piece","22"
"Comrades","22"
"news","22"
"deep","22"
"pieces","22"
"cup","22"
"poured","22"
"grant","22"
"mast","21"
"answer","21"
"due","21"
"none","21"
"harm","21"
"rose","21"
"fingered","21"
"Melanthius","21"
"mean","21"
"bones","21"
"meal","21"
"blessed","21"
"offered","21"
"manner","21"
"draw","21"
"beside","21"
"raft","21"
"sing","21"
"followed","21"
"bore","21"
"drive","21"
"sound","20"
"Helen","20"
"throw","20"
"sails","20"
"rather","20"
"single","20"
"Phaecians","20"
"rosy","20"
"built","20"
"Age","20"
"middle","20"
"number","20"
"Argives","20"
"suffered","20"
"rich","20"
"four","20"
"hit","20"
"darkness","20"
"cloisters","20"
"peace","20"
"mixing","20"
"sight","20"
"save","20"
"beauty","19"
"safe","19"
"arrow","19"
"during","19"
"absence","19"
"Mentor","19"
"sweet","19"
"lies","19"
"break","19"
"fat","19"
"returned","19"
"dogs","19"
"living","19"
"case","19"
"barley","19"
"bowl","19"
"handed","19"
"revenge","19"
"crying","19"
"fly","19"
"maid","19"
"offering","19"
"offer","19"
"mighty","18"
"mouth","18"
"voice","18"
"Singing","18"
"met","18"
"above","18"
"O","18"
"Trojans","18"
"whatever","18"
"afraid","18"
"shed","18"
"deal","18"
"fetch","18"
"West","18"
"Argos","18"
"form","18"
"force","18"
"family","18"
"guests","18"
"seem","18"
"distress","18"
"question","18"
"Vulcan","18"
"destruction","18"
"honour","17"
"mortal","17"
"unhappy","17"
"trees","17"
"mixed","17"
"suppose","17"
"ran","17"
"waiting","17"
"public","17"
"cunning","17"
"arrows","17"
"bringing","17"
"hair","17"
"cruel","17"
"oars","17"
"understand","17"
"oxen","17"
"bitterly","17"
"times","17"
"carry","17"
"escort","17"
"fallen","17"
"neck","17"
"perished","17"
"chariot","17"
"upstairs","17"
"truly","17"
"married","17"
"become","17"
"safely","17"
"rags","16"
"heavy","16"
"fill","16"
"worse","16"
"disposed","16"
"sprang","16"
"skin","16"
"drunk","16"
"mistress","16"
"free","16"
"lived","16"
"Teiresias","16"
"questions","16"
"throughout","16"
"passed","16"
"Atreus","16"
"cry","16"
"marriage","16"
"clear","16"
"mankind","16"
"oil","16"
"paying","16"
"exclaimed","16"
"converse","16"
"threshold","16"
"girl","16"
"ten","16"
"thinking","16"
"forward","16"
"half","16"
"love","16"
"Oceanus","16"
"strangers","16"
"broke","16"
"black","16"
"plain","15"
"praying","15"
"hearts","15"
"ship's","15"
"goes","15"
"oath","15"
"hardly","15"
"eaten","15"
"pleased","15"
"foreign","15"
"six","15"
"remember","15"
"Bid","15"
"cloaks","15"
"Mars","15"
"wild","15"
"stockman","15"
"eye","15"
"feast","15"
"tramp","15"
"really","15"
"sorry","15"
"hung","15"
"certain","15"
"meats","15"
"parents","15"
"regards","15"
"need","15"
"waters","15"
"groaning","15"
"vessel","15"
"Madam","15"
"olive","15"
"begging","15"
"respect","15"
"morrow","14"
"became","14"
"minds","14"
"'My","14"
"thigh","14"
"running","14"
"mainland","14"
"until","14"
"battle","14"
"insolence","14"
"pay","14"
"understanding","14"
"Venus","14"
"begin","14"
"Autolycus","14"
"grew","14"
"wrong","14"
"embrace","14"
"Achilles","14"
"Diana","14"
"boar","14"
"likely","14"
"beginning","14"
"grief","14"
"white","14"
"wise","14"
"tried","14"
"except","14"
"field","14"
"nymphs","14"
"wave","14"
"war","14"
"whereas","14"
"fall","14"
"Welcome","14"
"fleet","14"
"leaves","14"
"placed","14"
"third","14"
"heifer","14"
"blow","14"
"slept","14"
"Demodocus","14"
"flocks","14"
"prayer","14"
"Scylla","14"
"'Ulysses","14"
"lest","13"
"beat","13"
"heads","13"
"account","13"
"sacked","13"
"kissed","13"
"valiant","13"
"sandals","13"
"posts","13"
"past","13"
"visit","13"
"Eurylochus","13"
"daughters","13"
"hither","13"
"fate","13"
"counsel","13"
"beach","13"
"bath","13"
"immortals","13"
"tree","13"
"Nausicaa","13"
"banquet","13"
"grow","13"
"fond","13"
"lyre","13"
"standing","13"
"'You","13"
"fit","13"
"stream","13"
"beggar","13"
"race","13"
"grown","13"
"shoulder","13"
"sorrows","13"
"feasting","13"
"ought","13"
"lose","13"
"hospitality","13"
"thence","13"
"pleasure","13"
"seems","13"
"Irus","13"
"forced","13"
"sign","13"
"mine","13"
"upper","13"
"Cyclops","13"
"Arete","13"
"speaking","13"
"inner","12"
"presence","12"
"creature","12"
"speech","12"
"Neleus","12"
"huge","12"
"minded","12"
"dressed","12"
"unless","12"
"Cyclopes","12"
"abode","12"
"waggon","12"
"heed","12"
"Crete","12"
"pity","12"
"forget","12"
"foremost","12"
"insolent","12"
"ourselves","12"
"spoken","12"
"spread","12"
"charge","12"
"alas","12"
"wealth","12"
"drinking","12"
"journey","12"
"beg","12"
"Olympus","12"
"showed","12"
"shoot","12"
"cold","12"
"North","12"
"seven","12"
"pair","12"
"please","12"
"next","12"
"picked","12"
"wedding","12"
"benches","12"
"knows","12"
"stronger","12"
"post","12"
"abundance","12"
"horse","12"
"Dulichium","12"
"hidden","12"
"plenty","12"
"warm","12"
"asleep","12"
"washing","12"
"tale","12"
"sad","12"
"pass","12"
"beyond","12"
"luck","12"
"wear","12"
"grieve","12"
"Philoetius","11"
"ears","11"
"courage","11"
"stop","11"
"low","11"
"setting","11"
"staff","11"
"meant","11"
"keeping","11"
"gate","11"
"closed","11"
"paid","11"
"air","11"
"borne","11"
"choose","11"
"desire","11"
"yard","11"
"Polybus","11"
"companions","11"
"treated","11"
"Dolius","11"
"business","11"
"lovely","11"
"thereon","11"
"forth","11"
"shouted","11"
"floor","11"
"noise","11"
"linen","11"
"hardship","11"
"birds","11"
"spits","11"
"roof","11"
"instead","11"
"deed","11"
"shield","11"
"treat","11"
"Lacedaemon","11"
"lion","11"
"furious","11"
"prayers","11"
"escaped","11"
"tables","11"
"bowls","11"
"Medon","11"
"belly","11"
"mules","11"
"deemed","11"
"particularly","11"
"anointed","11"
"hecatombs","11"
"'I","11"
"gates","11"
"believe","11"
"hut","11"
"happen","11"
"gives","11"
"terrible","11"
"chest","11"
"grey","11"
"short","11"
"Egypt","11"
"brothers","11"
"hero","11"
"kinds","11"
"wives","11"
"ways","11"
"asking","11"
"happy","11"
"heroes","11"
"money","11"
"dream","11"
"master's","11"
"council","10"
"suffering","10"
"speed","10"
"ashamed","10"
"share","10"
"women's","10"
"orders","10"
"seas","10"
"hospitably","10"
"carrying","10"
"heavily","10"
"ox","10"
"quarrel","10"
"saved","10"
"gatehouse","10"
"brother","10"
"misfortunes","10"
"immediately","10"
"completed","10"
"loosed","10"
"driving","10"
"cross","10"
"waited","10"
"Theoclymenus","10"
"monster","10"
"rate","10"
"anger","10"
"attend","10"
"couch","10"
"savage","10"
"Amphinomus","10"
"lord","10"
"feed","10"
"drank","10"
"endowed","10"
"learn","10"
"turning","10"
"plot","10"
"station","10"
"soft","10"
"Proserpine","10"
"remain","10"
"Circe's","10"
"driven","10"
"hurried","10"
"heavens","10"
"fury","10"
"dust","10"
"seemed","10"
"received","10"
"meet","10"
"ate","10"
"road","10"
"dropped","10"
"Peleus","10"
"cups","10"
"quick","10"
"finished","10"
"Icarius","10"
"song","10"
"labour","10"
"human","10"
"food","10"
"sang","10"
"rule","10"
"folly","10"
"forest","10"
"deeds","10"
"lit","10"
"meantime","10"
"flesh","10"
"Eurynome","10"
"hearth","10"
"wand","10"
"stones","10"
"yards","10"
"Achaean","10"
"smoke","10"
"loaded","10"
"often","10"
"divine","10"
"Danaans","10"
"reasonable","10"
"beneath","10"
"around","10"
"died","10"
"expect","10"
"dare","9"
"Furthermore","9"
"honoured","9"
"mercy","9"
"throwing","9"
"dancing","9"
"displeased","9"
"clouds","9"
"rage","9"
"cease","9"
"flying","9"
"spare","9"
"treasure","9"
"portion","9"
"wallet","9"
"ram","9"
"wretch","9"
"trial","9"
"fancy","9"
"fountain","9"
"greatly","9"
"cause","9"
"prophet","9"
"small","9"
"laughing","9"
"beautifully","9"
"raiment","9"
"helmet","9"
"gifts","9"
"cheeks","9"
"months","9"
"elsewhere","9"
"lands","9"
"sense","9"
"seals","9"
"says","9"
"cover","9"
"easily","9"
"dry","9"
"silence","9"
"Phemius","9"
"worn","9"
"shirts","9"
"working","9"
"miserable","9"
"grieving","9"
"wooded","9"
"perish","9"
"row","9"
"frightened","9"
"aloud","9"
"contest","9"
"double","9"
"salt","9"
"aldermen","9"
"Laodamas","9"
"cows","9"
"south","9"
"councillors","9"
"gale","9"
"reason","9"
"doubt","9"
"younger","9"
"early","9"
"daybreak","9"
"shut","9"
"travelled","9"
"worked","9"
"tall","9"
"drawn","9"
"known","9"
"respected","9"
"farm","9"
"danger","9"
"hearing","9"
"sailors","9"
"treating","9"
"fifty","9"
"dwell","9"
"mountains","9"
"consider","9"
"suppliant","9"
"delighted","9"
"growing","9"
"favour","9"
"Telemachus's","9"
"five","9"
"putting","9"
"troubles","9"
"holding","9"
"second","9"
"ere","9"
"eagle","9"
"ocean","9"
"doorway","9"
"hate","8"
"yours","8"
"takes","8"
"homeward","8"
"wants","8"
"prevent","8"
"scar","8"
"basket","8"
"telling","8"
"handle","8"
"prize","8"
"figure","8"
"axes","8"
"Ajax","8"
"thrice","8"
"order","8"
"thither","8"
"quiet","8"
"Sirens","8"
"hawsers","8"
"wherever","8"
"chiefs","8"
"islands","8"
"loss","8"
"entered","8"
"Later","8"
"mortals","8"
"lot","8"
"swear","8"
"couple","8"
"Idomeneus","8"
"rising","8"
"tear","8"
"thrown","8"
"grapes","8"
"alike","8"
"blue","8"
"burnt","8"
"wooing","8"
"complain","8"
"looks","8"
"Piraeus","8"
"skilled","8"
"line","8"
"goodly","8"
"dance","8"
"laughed","8"
"Saturn","8"
"substance","8"
"suppliants","8"
"ones","8"
"lashed","8"
"sky","8"
"rise","8"
"admired","8"
"agreed","8"
"Aeolus","8"
"footstool","8"
"corn","8"
"sheer","8"
"woke","8"
"famous","8"
"persuade","8"
"cities","8"
"East","8"
"cloud","8"
"sort","8"
"yonder","8"
"Hercules","8"
"coast","8"
"tongue","8"
"taller","8"
"divided","8"
"Sparta","8"
"served","8"
"law","8"
"voices","8"
"satisfied","8"
"prove","8"
"milk","8"
"sometimes","8"
"wanting","8"
"nearly","8"
"ewes","8"
"shelter","8"
"yoke","8"
"burning","8"
"yield","8"
"wandering","8"
"quantity","8"
"staying","8"
"disgrace","8"
"mother's","8"
"letting","8"
"host","8"
"catch","8"
"rites","8"
"seized","8"
"veil","8"
"broken","8"
"wore","8"
"smote","8"
"girded","8"
"stretched","8"
"'We","8"
"avenge","8"
"sleeping","8"
"crossed","8"
"Agelaus","8"
"fresh","8"
"breath","8"
"manage","8"
"waste","8"
"memory","8"
"opposite","8"
"feared","8"
"wheat","8"
"piteously","8"
"sending","8"
"quarter","8"
"loom","8"
"besides","8"
"ruin","8"
"Mount","8"
"fed","8"
"changed","8"
"lotus","8"
"heat","8"
"joy","8"
"torches","8"
"message","8"
"finding","8"
"dress","8"
"herds","7"
"power","7"
"nymph","7"
"prepare","7"
"nights","7"
"everlasting","7"
"twisted","7"
"join","7"
"consult","7"
"stern","7"
"haste","7"
"difficulty","7"
"spring","7"
"busy","7"
"win","7"
"midst","7"
"ewer","7"
"sacrificed","7"
"feasted","7"
"dreadful","7"
"gladly","7"
"murder","7"
"protection","7"
"milked","7"
"moon","7"
"felt","7"
"change","7"
"people's","7"
"fetched","7"
"older","7"
"beam","7"
"burned","7"
"lifted","7"
"gateway","7"
"bethought","7"
"swim","7"
"drop","7"
"prizes","7"
"slumber","7"
"brooding","7"
"fail","7"
"promised","7"
"prowess","7"
"mantle","7"
"swore","7"
"heaven's","7"
"bitter","7"
"magnificent","7"
"fleece","7"
"rain","7"
"tore","7"
"altar","7"
"reasonably","7"
"flung","7"
"plant","7"
"loose","7"
"grows","7"
"bottom","7"
"bent","7"
"comely","7"
"evening","7"
"summer","7"
"exactly","7"
"'And","7"
"loved","7"
"joined","7"
"plotting","7"
"garden","7"
"taste","7"
"trust","7"
"shown","7"
"happiness","7"
"follow","7"
"hence","7"
"apart","7"
"narrow","7"
"breast","7"
"goods","7"
"chance","7"
"remained","7"
"astonished","7"
"pavement","7"
"inward","7"
"Orestes","7"
"main","7"
"omen","7"
"blew","7"
"finest","7"
"mourned","7"
"Aegis","7"
"mark","7"
"directly","7"
"kings","7"
"oak","7"
"Parnassus","7"
"rugs","7"
"vouchsafe","7"
"distant","7"
"proper","7"
"purple","7"
"livelong","7"
"handsome","7"
"grace","7"
"Cicons","7"
"mix","7"
"company","7"
"quickly","7"
"returning","7"
"approved","7"
"meeting","7"
"marvelled","7"
"chains","7"
"Whoever","7"
"enemies","7"
"fool","7"
"pretty","7"
"possible","7"
"green","7"
"skill","7"
"lair","7"
"use","7"
"sorts","7"
"losing","7"
"neighbour","7"
"press","7"
"quiver","7"
"ashes","7"
"sees","7"
"suffer","7"
"few","7"
"rejoiced","7"
"dying","7"
"pure","7"
"tenth","7"
"weep","7"
"finish","7"
"counsels","7"
"web","7"
"provisions","7"
"assented","7"
"usual","7"
"mid","7"
"accomplished","7"
"bind","7"
"shields","7"
"firewood","7"
"enjoy","7"
"bird","7"
"sailing","7"
"pain","7"
"ivory","7"
"dismay","7"
"solemn","7"
"protect","7"
"funeral","7"
"birth","6"
"comfortable","6"
"meaning","6"
"opened","6"
"hurt","6"
"deck","6"
"moved","6"
"bravest","6"
"beds","6"
"sake","6"
"proud","6"
"longing","6"
"hearted","6"
"bit","6"
"judgement","6"
"victims","6"
"sacrifices","6"
"surrounded","6"
"level","6"
"heart's","6"
"settled","6"
"late","6"
"continue","6"
"precious","6"
"wool","6"
"henceforward","6"
"horns","6"
"Aeaean","6"
"hid","6"
"brains","6"
"cauldron","6"
"palace","6"
"steeds","6"
"afterwards","6"
"inlaid","6"
"build","6"
"serious","6"
"senses","6"
"burden","6"
"bodies","6"
"limb","6"
"everybody","6"
"toil","6"
"grove","6"
"perfectly","6"
"houses","6"
"smiled","6"
"broad","6"
"blame","6"
"ashore","6"
"conversation","6"
"lips","6"
"quietly","6"
"wake","6"
"Iphitus","6"
"fig","6"
"rebuked","6"
"numbers","6"
"urge","6"
"whenever","6"
"whence","6"
"strung","6"
"hounds","6"
"sufficient","6"
"amid","6"
"thunder","6"
"cast","6"
"Noman","6"
"Antilochus","6"
"hot","6"
"landed","6"
"woollen","6"
"rough","6"
"storm","6"
"wickedness","6"
"somewhere","6"
"guard","6"
"Priam","6"
"task","6"
"bury","6"
"sport","6"
"trench","6"
"hunting","6"
"respectable","6"
"men's","6"
"wide","6"
"cooked","6"
"gear","6"
"sufficiently","6"
"compare","6"
"deceive","6"
"aside","6"
"travel","6"
"charmed","6"
"Eupeithes","6"
"thoroughly","6"
"managed","6"
"fierce","6"
"ball","6"
"won","6"
"Juno","6"
"Theban","6"
"lately","6"
"otherwise","6"
"walls","6"
"shooting","6"
"lead","6"
"soil","6"
"plainly","6"
"Euryalus","6"
"ambrosia","6"
"refuse","6"
"oar","6"
"start","6"
"seated","6"
"Charybdis","6"
"wet","6"
"cook","6"
"yourselves","6"
"hurricane","6"
"ambuscade","6"
"seer","6"
"rowing","6"
"rushed","6"
"pall","6"
"flock","6"
"sensible","6"
"crowd","6"
"loud","6"
"spoil","6"
"doomed","6"
"according","6"
"swam","6"
"forthwith","6"
"disguised","6"
"dragged","6"
"captain","6"
"jars","6"
"splendid","6"
"virtue","6"
"rudder","6"
"snatched","6"
"beggars","6"
"Pick","6"
"new","6"
"begged","6"
"youth","6"
"touched","6"
"smooth","6"
"ear","6"
"needlework","6"
"fragrant","6"
"rejoicing","6"
"purpose","6"
"generally","6"
"camped","6"
"neighbours","6"
"amongst","6"
"basin","6"
"lambs","6"
"shame","6"
"Egyptians","6"
"chose","6"
"stick","6"
"doubted","6"
"Antiphates","6"
"fourth","6"
"sudden","6"
"quit","6"
"sharp","6"
"persist","6"
"heap","6"
"tired","6"
"kindly","6"
"sacrificing","6"
"Amphimedon","6"
"Polyphemus","6"
"torn","6"
"fishes","6"
"keel","6"
"Ogygian","6"
"robbed","6"
"thankful","6"
"rejoice","6"
"vineyard","6"
"touch","6"
"fought","6"
"entertained","6"
"hereafter","6"
"redoubtable","6"
"sports","6"
"omens","6"
"settle","6"
"excel","5"
"attack","5"
"helped","5"
"vultures","5"
"somebody","5"
"'Be","5"
"blind","5"
"check","5"
"idea","5"
"expecting","5"
"appearance","5"
"future","5"
"limbs","5"
"native","5"
"'Sir","5"
"play","5"
"dancers","5"
"tripod","5"
"maidens","5"
"wasting","5"
"Thebes","5"
"Arceisius","5"
"ease","5"
"disposition","5"
"wishes","5"
"Cyprus","5"
"liked","5"
"corpses","5"
"fellows","5"
"smell","5"
"proof","5"
"pride","5"
"certainly","5"
"mist","5"
"exceedingly","5"
"goatherd","5"
"courts","5"
"lawful","5"
"king's","5"
"following","5"
"red","5"
"root","5"
"reigned","5"
"started","5"
"wits","5"
"fitted","5"
"recognized","5"
"ends","5"
"Eteoneus","5"
"sits","5"
"plan","5"
"lamenting","5"
"meadow","5"
"failed","5"
"Elis","5"
"counselled","5"
"kids","5"
"dirty","5"
"unable","5"
"plate","5"
"herb","5"
"strike","5"
"supporting","5"
"drugged","5"
"brine","5"
"wrecked","5"
"nostrils","5"
"prosper","5"
"possibly","5"
"yoked","5"
"anoint","5"
"watching","5"
"Pontonous","5"
"remembered","5"
"vision","5"
"adventures","5"
"hole","5"
"powerful","5"
"dreams","5"
"checked","5"
"scolded","5"
"archer","5"
"inspired","5"
"creatures","5"
"continually","5"
"thighs","5"
"raw","5"
"wolves","5"
"space","5"
"firm","5"
"Sick","5"
"season","5"
"armed","5"
"Megapenthes","5"
"comrade","5"
"uproar","5"
"anywhere","5"
"feel","5"
"easy","5"
"goat","5"
"larger","5"
"honey","5"
"anxious","5"
"weather","5"
"blankets","5"
"aimed","5"
"recognize","5"
"mad","5"
"applauded","5"
"inland","5"
"support","5"
"runs","5"
"Bless","5"
"sack","5"
"length","5"
"Pear","5"
"breaking","5"
"masts","5"
"fruit","5"
"roused","5"
"drug","5"
"passage","5"
"heartily","5"
"badly","5"
"yesterday","5"
"boy","5"
"prisoner","5"
"carefully","5"
"especially","5"
"prevented","5"
"fathers","5"
"portions","5"
"admirable","5"
"reaching","5"
"tramps","5"
"flower","5"
"less","5"
"obey","5"
"taught","5"
"likeness","5"
"Thesprotians","5"
"shabby","5"
"weary","5"
"unseemly","5"
"Patroclus","5"
"ended","5"
"stratagem","5"
"ago","5"
"slave","5"
"Hellas","5"
"nation","5"
"roasted","5"
"deadly","5"
"ruled","5"
"handmaids","5"
"Content","5"
"playing","5"
"service","5"
"promise","5"
"copyright","5"
"heaped","5"
"Zacynthus","5"
"shod","5"
"provide","5"
"stout","5"
"Perhaps","5"
"misery","5"
"infinite","5"
"sturdy","5"
"witness","5"
"peg","5"
"matters","5"
"leading","5"
"barren","5"
"blank","5"
"conduct","5"
"beseech","5"
"advice","5"
"stationed","5"
"outright","5"
"foolish","5"
"watches","5"
"hateful","5"
"behaving","5"
"inasmuch","5"
"Minos","5"
"attention","5"
"tells","5"
"fault","5"
"pale","5"
"barrow","5"
"direct","5"
"aloft","5"
"renown","5"
"secret","5"
"wrought","5"
"bull","5"
"foul","5"
"feeding","5"
"valour","5"
"bred","5"
"Halitherses","5"
"hanging","5"
"fortune","5"
"sell","5"
"fiercely","5"
"thinks","5"
"turns","5"
"reaches","5"
"pig","5"
"blade","5"
"notice","5"
"keeps","5"
"decorated","5"
"wailing","5"
"muse","5"
"afflictions","5"
"wondering","5"
"pressed","5"
"whirlpool","5"
"possessions","5"
"sucking","5"
"masters","5"
"different","5"
"fare","5"
"violence","5"
"cost","5"
"hound","5"
"rare","4"
"'Stranger","4"
"stowed","4"
"fray","4"
"eager","4"
"wherein","4"
"doom","4"
"rugged","4"
"admiration","4"
"sweetly","4"
"begrimed","4"
"leaning","4"
"securely","4"
"folded","4"
"pork","4"
"citizens","4"
"thong","4"
"dinners","4"
"fish","4"
"prime","4"
"calm","4"
"roast","4"
"mouths","4"
"imposing","4"
"splendour","4"
"beard","4"
"homestead","4"
"cupbearer","4"
"lean","4"
"proofs","4"
"nursed","4"
"upwards","4"
"twentieth","4"
"willing","4"
"Argive","4"
"haven","4"
"hill","4"
"talons","4"
"goddesses","4"
"keen","4"
"ranged","4"
"nations","4"
"echoing","4"
"fields","4"
"beast","4"
"pitied","4"
"horn","4"
"enemy","4"
"shepherds","4"
"rests","4"
"goblet","4"
"fondly","4"
"tattered","4"
"amiss","4"
"language","4"
"thunderbolts","4"
"quest","4"
"missing","4"
"flat","4"
"fooled","4"
"spacious","4"
"talked","4"
"divide","4"
"starving","4"
"instructions","4"
"Farewell","4"
"hurry","4"
"chariots","4"
"resolved","4"
"Thrinacian","4"
"sunrise","4"
"fled","4"
"honesty","4"
"watch","4"
"another's","4"
"dismayed","4"
"month","4"
"compassion","4"
"Penelope's","4"
"carries","4"
"sank","4"
"upright","4"
"gets","4"
"moored","4"
"equitably","4"
"tops","4"
"fated","4"
"headlands","4"
"stool","4"
"offence","4"
"attended","4"
"agony","4"
"unharmed","4"
"bondsmen","4"
"Cephallenians","4"
"helping","4"
"surprised","4"
"succeed","4"
"talents","4"
"although","4"
"blinded","4"
"boars","4"
"hurled","4"
"wreck","4"
"deer","4"
"sends","4"
"Ctesippus","4"
"sum","4"
"insist","4"
"coverlets","4"
"entertain","4"
"torch","4"
"allow","4"
"addressed","4"
"glory","4"
"snow","4"
"self","4"
"precincts","4"
"punish","4"
"wasted","4"
"boon","4"
"clad","4"
"dine","4"
"merely","4"
"rivers","4"
"risen","4"
"dwells","4"
"whip","4"
"sufferings","4"
"stately","4"
"dog","4"
"sorrowing","4"
"colour","4"
"satisfaction","4"
"real","4"
"fame","4"
"eight","4"
"son's","4"
"prophecy","4"
"leather","4"
"murderer","4"
"vessels","4"
"grass","4"
"cheese","4"
"remains","4"
"distaff","4"
"mares","4"
"favourite","4"
"brawny","4"
"signs","4"
"harder","4"
"uncivilized","4"
"mocking","4"
"Hyperion","4"
"box","4"
"wonder","4"
"victuals","4"
"direction","4"
"hearers","4"
"bargain","4"
"courting","4"
"comfort","4"
"worth","4"
"humour","4"
"humane","4"
"hospitable","4"
"harbours","4"
"shift","4"
"suddenly","4"
"messenger","4"
"Pheidon","4"
"reign","4"
"aim","4"
"melancholy","4"
"expected","4"
"Amphitrite","4"
"listened","4"
"protected","4"
"traders","4"
"Eurytus","4"
"Taphians","4"
"blowing","4"
"dread","4"
"one's","4"
"sharpened","4"
"entrance","4"
"pages","4"
"opinion","4"
"surf","4"
"wrath","4"
"legs","4"
"anyone","4"
"hides","4"
"traveller","4"
"Thesprotian","4"
"girdle","4"
"serve","4"
"overcome","4"
"Agamemnon's","4"
"feeble","4"
"victory","4"
"dug","4"
"'When","4"
"sand","4"
"tossed","4"
"wax","4"
"needs","4"
"lions","4"
"lightning","4"
"Thrasymedes","4"
"sands","4"
"distance","4"
"rays","4"
"fawn","4"
"fact","4"
"issue","4"
"Lastly","4"
"Hush","4"
"venture","4"
"advise","4"
"faring","4"
"longest","4"
"art","4"
"Neritum","4"
"propriety","4"
"Athens","4"
"vengeance","4"
"richly","4"
"crews","4"
"reckoning","4"
"terribly","4"
"conducted","4"
"teeth","4"
"openly","4"
"grieved","4"
"weak","4"
"likes","4"
"shepherding","4"
"cutting","4"
"showing","4"
"Phaeacian","4"
"kills","4"
"hatched","4"
"wagged","4"
"headed","4"
"horizon","4"
"prodigious","4"
"followers","4"
"headland","4"
"poplars","4"
"friendly","4"
"stuck","4"
"facing","4"
"clothing","4"
"hers","4"
"comfortably","4"
"terrific","4"
"rude","4"
"decreed","4"
"camp","4"
"priest","4"
"shortly","4"
"unfortunate","4"
"suspect","4"
"wilderness","4"
"grinding","4"
"temples","4"
"covering","4"
"generations","4"
"ruined","4"
"music","4"
"raise","4"
"eyelids","4"
"swords","4"
"finer","4"
"horrid","4"
"suspected","4"
"geese","4"
"charm","4"
"chosen","4"
"dispersed","4"
"Erebus","4"
"several","4"
"warn","4"
"named","4"
"load","4"
"panic","4"
"plank","4"
"C","4"
"cavern","4"
"spray","4"
"bond","4"
"Leiodes","4"
"reconnoitre","4"
"surpass","4"
"sceptre","4"
"shepherd","4"
"yellow","4"
"firmament","4"
"state","4"
"closely","4"
"fertile","4"
"backwards","4"
"invite","4"
"onward","4"
"vine","4"
"laughter","4"
"sundown","4"
"merry","4"
"tasted","4"
"disc","4"
"Noemon","4"
"guide","4"
"solemnly","4"
"asks","4"
"Scheria","4"
"kin","4"
"drawing","4"
"youngest","4"
"sadly","4"
"sprinkling","4"
"heifer's","4"
"corner","4"
"steps","4"
"drowned","4"
"pretext","4"
"pleases","4"
"happens","4"
"havoc","4"
"stroke","4"
"grasped","4"
"seventh","4"
"chamber","4"
"thousands","4"
"enjoying","4"
"rafters","4"
"Holy","4"
"misadventure","4"
"besought","4"
"Nausithous","4"
"dived","4"
"Orion","4"
"dashed","4"
"beheld","4"
"steadily","4"
"Minerva's","4"
"buried","4"
"plight","4"
"bidden","4"
"soul","4"
"begins","4"
"least","4"
"hecatomb","4"
"utmost","4"
"lid","4"
"dishonouring","4"
"housekeeper","4"
"disgraceful","4"
"bulls","4"
"forbid","4"
"trap","4"
"hundred","4"
"embers","4"
"bows","4"
"worst","3"
"pulled","3"
"winter","3"
"breakfast","3"
"gain","3"
"bought","3"
"alarm","3"
"'of","3"
"brings","3"
"Malea","3"
"sorely","3"
"Pisander","3"
"hoping","3"
"seizing","3"
"finds","3"
"woods","3"
"strap","3"
"wedded","3"
"advantage","3"
"thicket","3"
"exploit","3"
"shoots","3"
"crept","3"
"Antiphus","3"
"pierce","3"
"swaggering","3"
"scouts","3"
"suspicious","3"
"insisted","3"
"scold","3"
"proved","3"
"prepared","3"
"gibing","3"
"Ilius","3"
"split","3"
"claim","3"
"braziers","3"
"devour","3"
"Phoenician","3"
"'Son","3"
"rob","3"
"recover","3"
"bidding","3"
"oldest","3"
"bleating","3"
"insulted","3"
"'if","3"
"approach","3"
"rushes","3"
"magician","3"
"Pisenor","3"
"Atlas","3"
"lighted","3"
"willed","3"
"affairs","3"
"displeasure","3"
"stir","3"
"luscious","3"
"furiously","3"
"bullock's","3"
"gull","3"
"mound","3"
"heir","3"
"mere","3"
"Ino","3"
"hang","3"
"proves","3"
"Autumn","3"
"crest","3"
"Sicel","3"
"knock","3"
"nectar","3"
"boar's","3"
"Lemnos","3"
"shrift","3"
"lays","3"
"bears","3"
"proceed","3"
"hell","3"
"thundered","3"
"exquisite","3"
"wrist","3"
"henceforth","3"
"bliss","3"
"athletic","3"
"stricken","3"
"Phaecian","3"
"damages","3"
"spirited","3"
"undressed","3"
"loving","3"
"fishing","3"
"principal","3"
"undertake","3"
"bonds","3"
"fallow","3"
"carver","3"
"awake","3"
"raising","3"
"laying","3"
"fenced","3"
"timbers","3"
"holes","3"
"sponges","3"
"husband's","3"
"baskets","3"
"fence","3"
"enter","3"
"fixed","3"
"eighteenth","3"
"Pandareus","3"
"plough","3"
"gather","3"
"sties","3"
"fifth","3"
"reviled","3"
"blows","3"
"despair","3"
"spent","3"
"climbed","3"
"streams","3"
"Echetus","3"
"astride","3"
"bolts","3"
"savages","3"
"sickness","3"
"explain","3"
"Mentes","3"
"compete","3"
"overboard","3"
"offended","3"
"fashion","3"
"vouchsafes","3"
"Anchialus","3"
"overhanging","3"
"visitors","3"
"sides","3"
"misfortune","3"
"rocky","3"
"breeds","3"
"asphodel","3"
"escorts","3"
"countries","3"
"Samos","3"
"shamefaced","3"
"strode","3"
"position","3"
"woe","3"
"brooch","3"
"dash","3"
"belief","3"
"swimming","3"
"speechless","3"
"fling","3"
"perceived","3"
"lift","3"
"desired","3"
"climb","3"
"landing","3"
"beaten","3"
"woman's","3"
"depart","3"
"highest","3"
"Shameless","3"
"smaller","3"
"boldness","3"
"doughty","3"
"Damastor","3"
"shows","3"
"remarkable","3"
"Cretans","3"
"daily","3"
"duties","3"
"astounded","3"
"clung","3"
"farms","3"
"inclined","3"
"aiming","3"
"orderly","3"
"mule","3"
"carpenter","3"
"gasping","3"
"swell","3"
"salute","3"
"sister","3"
"hovered","3"
"scared","3"
"pins","3"
"spirit","3"
"thongs","3"
"suppers","3"
"gift","3"
"celebrate","3"
"shook","3"
"thin","3"
"'There","3"
"workmanship","3"
"brooded","3"
"scowled","3"
"refrain","3"
"added","3"
"vanished","3"
"prevail","3"
"starting","3"
"hussies","3"
"ills","3"
"wealthy","3"
"naturally","3"
"affliction","3"
"defence","3"
"quality","3"
"staircase","3"
"darling","3"
"wondered","3"
"prey","3"
"value","3"
"fortress","3"
"smart","3"
"mettle","3"
"ravaged","3"
"dozen","3"
"keepsake","3"
"dearly","3"
"Phorcys","3"
"'how","3"
"aid","3"
"nobody","3"
"notion","3"
"loth","3"
"awoke","3"
"pains","3"
"grave","3"
"lamented","3"
"packed","3"
"scheme","3"
"necks","3"
"faithful","3"
"restrain","3"
"opening","3"
"warrior","3"
"roaring","3"
"grudge","3"
"Diocles","3"
"Pherae","3"
"Ortilochus","3"
"delicious","3"
"grandson","3"
"undone","3"
"Laestrygonian","3"
"ropes","3"
"bark","3"
"behold","3"
"axe","3"
"GMT","3"
"wrap","3"
"sped","3"
"treasures","3"
"forestays","3"
"admire","3"
"actually","3"
"burn","3"
"delight","3"
"throat","3"
"shape","3"
"bleeding","3"
"wisest","3"
"drifted","3"
"dealt","3"
"knocked","3"
"assumed","3"
"Laestrygonians","3"
"fruitless","3"
"bedding","3"
"counsellor","3"
"relieved","3"
"twice","3"
"holds","3"
"Phoenicia","3"
"common","3"
"Sidonians","3"
"possession","3"
"Libya","3"
"fully","3"
"valuable","3"
"phantom","3"
"rug","3"
"missed","3"
"goings","3"
"infant","3"
"hindering","3"
"quaked","3"
"punished","3"
"angrily","3"
"search","3"
"apple","3"
"Phoenicians","3"
"devouring","3"
"marries","3"
"heeded","3"
"token","3"
"vouchsafed","3"
"flayed","3"
"consent","3"
"bride","3"
"clasp","3"
"belonging","3"
"buildings","3"
"amber","3"
"gleam","3"
"bags","3"
"overheard","3"
"robe","3"
"lineage","3"
"vain","3"
"Epeans","3"
"eater","3"
"'This","3"
"gently","3"
"strict","3"
"natural","3"
"desert","3"
"whither","3"
"cables","3"
"folk","3"
"hatching","3"
"treachery","3"
"explained","3"
"Clytemnestra","3"
"ordered","3"
"seethed","3"
"domed","3"
"peer","3"
"recall","3"
"betters","3"
"mess","3"
"singularly","3"
"gilding","3"
"rang","3"
"subtlety","3"
"squealing","3"
"temple","3"
"sacred","3"
"'Circe","3"
"nodded","3"
"bold","3"
"curious","3"
"bristles","3"
"Myrmidons","3"
"across","3"
"forehead","3"
"Diomed","3"
"effect","3"
"1","3"
"false","3"
"insult","3"
"feeling","3"
"liking","3"
"arm","3"
"seduced","3"
"troubled","3"
"Lesbos","3"
"clasped","3"
"silly","3"
"careful","3"
"Accept","3"
"aft","3"
"friendship","3"
"herdsmen","3"
"helmsman","3"
"fleetest","3"
"command","3"
"everywhere","3"
"cooking","3"
"Elpenor","3"
"sheltered","3"
"cauldrons","3"
"helmets","3"
"stag","3"
"polished","3"
"guardian","3"
"cable","3"
"congratulate","3"
"exile","3"
"walked","3"
"continued","3"
"javelin","3"
"wound","3"
"sprinkled","3"
"obeyed","3"
"pack","3"
"port","3"
"male","3"
"dangerous","3"
"studied","3"
"private","3"
"waning","3"
"tracks","3"
"moons","3"
"fulfilled","3"
"valued","3"
"workman","3"
"measure","3"
"fairly","3"
"tongues","3"
"flow","3"
"sheepskins","3"
"husbands","3"
"thy","3"
"errand","3"
"peoples","3"
"vast","3"
"sulphur","3"
"shocked","3"
"detained","3"
"unrecorded","3"
"'as","3"
"knowledge","3"
"monstrous","3"
"tight","3"
"courses","3"
"stopped","3"
"'Cyclops","3"
"Trojan","3"
"unpick","3"
"empty","3"
"lamentation","3"
"aged","3"
"tearing","3"
"chopping","3"
"liquor","3"
"spinning","3"
"enormous","3"
"trick","3"
"tricks","3"
"tambour","3"
"played","3"
"boiling","3"
"steal","3"
"chieftain","3"
"Ethiopians","3"
"Nisus","3"
"chooses","3"
"giver","3"
"frame","3"
"raid","3"
"uneasy","3"
"weight","3"
"kindness","3"
"clever","3"
"ceasing","3"
"stitches","3"
"changing","3"
"choice","3"
"club","3"
"fleeces","3"
"tomorrow","3"
"threatened","3"
"Proteus","3"
"abroad","3"
"greatness","3"
"concealed","3"
"dell","3"
"searching","3"
"concealment","3"
"paunch","3"
"enjoyed","3"
"follows","3"
"detest","3"
"Mycene","3"
"Erinyes","3"
"fearing","3"
"ivy","3"
"bosom","3"
"wished","3"
"endurance","3"
"glaring","3"
"allowed","3"
"folding","3"
"wings","3"
"propose","3"
"source","3"
"almost","3"
"wearing","3"
"regard","3"
"hiding","3"
"avoided","3"
"lots","3"
"gathering","3"
"foes","3"
"'that","3"
"skins","3"
"pits","3"
"fraud","3"
"surprise","3"
"intolerable","3"
"marked","3"
"removing","3"
"lawless","3"
"forgotten","3"
"shouting","3"
"cheeses","3"
"Polyctor","3"
"watered","3"
"guiltless","3"
"Add","3"
"flowers","3"
"unjust","3"
"names","3"
"memories","3"
"suitors'","3"
"Leto","3"
"ruler","3"
"soiled","3"
"spared","3"
"parts","3"
"lifting","3"
"counted","3"
"soot","3"
"guile","3"
"entreat","3"
"eyebrows","3"
"struggling","3"
"baths","3"
"heavier","3"
"awful","3"
"roots","3"
"considered","3"
"stringing","3"
"protector","3"
"absent","3"
"wayfarer","3"
"personal","3"
"conveyed","3"
"encouraging","3"
"anointing","3"
"underneath","3"
"compass","3"
"burst","3"
"pens","3"
"clouded","3"
"distressed","3"
"crafty","3"
"dirt","3"
"ours","3"
"plausible","3"
"Melantho","2"
"lament","2"
"stands","2"
"addressing","2"
"punishes","2"
"wrinkles","2"
"furrow","2"
"resounded","2"
"brilliant","2"
"disturbance","2"
"panting","2"
"honours","2"
"greet","2"
"devil","2"
"striking","2"
"rulers","2"
"exquisitely","2"
"jutting","2"
"indulging","2"
"pierced","2"
"glistened","2"
"Naiads","2"
"possessed","2"
"merman","2"
"star","2"
"heralds","2"
"uncle","2"
"overarching","2"
"Apeira","2"
"peacefully","2"
"whirling","2"
"piled","2"
"pained","2"
"giants","2"
"catches","2"
"Rhexenor","2"
"hug","2"
"shady","2"
"loading","2"
"Clytoneus","2"
"Amphialus","2"
"sows","2"
"soundly","2"
"Periboea","2"
"breeding","2"
"greater","2"
"sheet","2"
"brimstone","2"
"hungry","2"
"figs","2"
"shifted","2"
"challenge","2"
"devoted","2"
"chieftains","2"
"joints","2"
"shrewd","2"
"conferred","2"
"olives","2"
"speaker","2"
"Echeneus","2"
"feasts","2"
"hitherto","2"
"listens","2"
"lords","2"
"behalf","2"
"uncovered","2"
"herd","2"
"sacrificial","2"
"Pytho","2"
"stars","2"
"fasten","2"
"apples","2"
"practice","2"
"deceiving","2"
"bloom","2"
"crowds","2"
"arranged","2"
"fitting","2"
"excuses","2"
"ornament","2"
"'Father","2"
"await","2"
"meets","2"
"determined","2"
"equal","2"
"lady","2"
"furthest","2"
"separately","2"
"craft","2"
"humbly","2"
"ripens","2"
"Lampetie","2"
"shifty","2"
"sooner","2"
"fruitful","2"
"gibes","2"
"delivered","2"
"enthroned","2"
"crosspiece","2"
"smite","2"
"pomegranates","2"
"boyhood","2"
"whereby","2"
"wrestlers","2"
"fashioned","2"
"woven","2"
"continent","2"
"object","2"
"grain","2"
"plans","2"
"mill","2"
"gibe","2"
"instinctive","2"
"warned","2"
"garment","2"
"manhood","2"
"streets","2"
"perfect","2"
"Elatreus","2"
"extreme","2"
"Tityus","2"
"hook","2"
"runners","2"
"oarsmen","2"
"Gaia","2"
"parted","2"
"Demodocus's","2"
"spin","2"
"acres","2"
"oppressed","2"
"gulls","2"
"fewer","2"
"shun","2"
"deprived","2"
"babble","2"
"sighs","2"
"pears","2"
"noticed","2"
"affect","2"
"filthy","2"
"heaving","2"
"forwards","2"
"sunlight","2"
"stouter","2"
"pondering","2"
"contemptuously","2"
"flocked","2"
"pool","2"
"weaving","2"
"useful","2"
"arts","2"
"boughs","2"
"importunate","2"
"toward","2"
"painful","2"
"note","2"
"excuse","2"
"behave","2"
"Cretheus","2"
"patiently","2"
"bellies","2"
"frowning","2"
"bye","2"
"list","2"
"Menelaus's","2"
"constantly","2"
"nodding","2"
"Pelias","2"
"elbow","2"
"attacking","2"
"gore","2"
"Amphion","2"
"ails","2"
"schemed","2"
"oxhide","2"
"tempts","2"
"attempt","2"
"snatch","2"
"walk","2"
"flattering","2"
"onwards","2"
"fix","2"
"contrive","2"
"'Mother","2"
"ebb","2"
"numberless","2"
"dragging","2"
"forewarn","2"
"whining","2"
"shovel","2"
"winnowing","2"
"grieves","2"
"mourning","2"
"considering","2"
"sin","2"
"hitting","2"
"habit","2"
"'Alas","2"
"stature","2"
"illness","2"
"heaved","2"
"groaned","2"
"match","2"
"besmirched","2"
"swineherds","2"
"Castor","2"
"prompted","2"
"dung","2"
"earnest","2"
"monster's","2"
"prison","2"
"Phylace","2"
"Iphicles","2"
"'Look","2"
"oracles","2"
"enraged","2"
"entrails","2"
"vitals","2"
"sighing","2"
"Bacchus","2"
"Theseus","2"
"supped","2"
"reality","2"
"cared","2"
"hopes","2"
"rightly","2"
"chin","2"
"Ossa","2"
"grants","2"
"Mesaulius","2"
"Epicaste","2"
"outcast","2"
"steam","2"
"avenging","2"
"hideous","2"
"Zethus","2"
"fright","2"
"hiss","2"
"Amphitryon","2"
"Cyclops'","2"
"thrust","2"
"encouraged","2"
"wooed","2"
"'Then","2"
"accustomed","2"
"everyone","2"
"wheel","2"
"Iasus","2"
"haunted","2"
"Aretias","2"
"slaughtered","2"
"Orchomenus","2"
"nest","2"
"unfastened","2"
"carve","2"
"hearty","2"
"beads","2"
"necklace","2"
"resounds","2"
"street","2"
"sigh","2"
"slung","2"
"homes","2"
"pigsties","2"
"merchandise","2"
"lively","2"
"subjection","2"
"fawned","2"
"pour","2"
"cubit","2"
"prophesied","2"
"goddess's","2"
"homewards","2"
"weave","2"
"attendance","2"
"fore","2"
"strange","2"
"fared","2"
"pigsty","2"
"scream","2"
"prays","2"
"passing","2"
"Ctimene","2"
"groves","2"
"peopled","2"
"abounds","2"
"spell","2"
"buffeted","2"
"thickly","2"
"Taphian","2"
"rolling","2"
"severe","2"
"pirates","2"
"hey","2"
"knowing","2"
"unman","2"
"wretches","2"
"lowing","2"
"faces","2"
"Rush","2"
"strikes","2"
"pyre","2"
"unburied","2"
"inhabitants","2"
"countless","2"
"gloom","2"
"cliffs","2"
"Melampus","2"
"accompanied","2"
"Clytius","2"
"screaming","2"
"unwaked","2"
"carcasses","2"
"flay","2"
"advantageous","2"
"attacks","2"
"mend","2"
"tightly","2"
"faster","2"
"whereupon","2"
"busied","2"
"earn","2"
"steep","2"
"hates","2"
"brushwood","2"
"drunkenness","2"
"Oicleus","2"
"Amphiaraus","2"
"tumbled","2"
"rope","2"
"Mantius","2"
"Perimedes","2"
"nearing","2"
"bending","2"
"ewe","2"
"site","2"
"Polypheides","2"
"Cleitus","2"
"dove","2"
"Apollo's","2"
"dense","2"
"flitted","2"
"cries","2"
"speared","2"
"pasture","2"
"fathom","2"
"feckless","2"
"smirched","2"
"path","2"
"trooping","2"
"apology","2"
"minstrel","2"
"offers","2"
"ring","2"
"thirteen","2"
"fearfully","2"
"marvellous","2"
"belt","2"
"blaze","2"
"sawn","2"
"righteously","2"
"miss","2"
"amuse","2"
"fain","2"
"require","2"
"glutton","2"
"cairn","2"
"performed","2"
"enchanting","2"
"sneezed","2"
"jumped","2"
"Graces","2"
"loudly","2"
"clothed","2"
"victorious","2"
"whereever","2"
"throws","2"
"Anon","2"
"robbers","2"
"raging","2"
"liver","2"
"digging","2"
"amount","2"
"accounted","2"
"hosts","2"
"worry","2"
"sweat","2"
"accurately","2"
"roll","2"
"wondrous","2"
"move","2"
"joint","2"
"plague","2"
"usually","2"
"aright","2"
"Epeus","2"
"assistance","2"
"importunity","2"
"encircling","2"
"strewed","2"
"athletes","2"
"freighted","2"
"assemblies","2"
"remarks","2"
"swine","2"
"lookers","2"
"propped","2"
"lighter","2"
"considerable","2"
"quailed","2"
"rushing","2"
"laugh","2"
"enamoured","2"
"rows","2"
"boxer","2"
"diverted","2"
"credit","2"
"adorned","2"
"moderation","2"
"continual","2"
"grasping","2"
"captains","2"
"barking","2"
"smithy","2"
"unloose","2"
"cobwebs","2"
"destroyed","2"
"Sirs","2"
"loves","2"
"lame","2"
"begotten","2"
"baggage","2"
"singed","2"
"spitted","2"
"'So","2"
"rope's","2"
"lash","2"
"dart","2"
"doves","2"
"nose","2"
"situation","2"
"extremely","2"
"sweetness","2"
"frequent","2"
"uttered","2"
"dining","2"
"secure","2"
"healer","2"
"combat","2"
"engagement","2"
"general","2"
"insatiable","2"
"Priam's","2"
"soldiers","2"
"stealing","2"
"directions","2"
"female","2"
"slain","2"
"slaughter","2"
"miserably","2"
"vantage","2"
"wandered","2"
"disobeyed","2"
"crime","2"
"abominable","2"
"beached","2"
"stubble","2"
"fires","2"
"'Stay","2"
"bands","2"
"slipped","2"
"devices","2"
"persuaded","2"
"ceased","2"
"obliged","2"
"scolding","2"
"rolled","2"
"wisdom","2"
"gripped","2"
"puppies","2"
"tilled","2"
"pitiless","2"
"enthralled","2"
"sold","2"
"planted","2"
"style","2"
"stories","2"
"sacking","2"
"impossible","2"
"listening","2"
"god's","2"
"whey","2"
"owner","2"
"separate","2"
"cord","2"
"Dodona","2"
"'In","2"
"goodness","2"
"leaders","2"
"manure","2"
"cheek","2"
"draws","2"
"wipe","2"
"overtake","2"
"soldier","2"
"occasion","2"
"handsomest","2"
"Ismarus","2"
"foolishly","2"
"idiot","2"
"forgive","2"
"Cretan","2"
"pester","2"
"mothers","2"
"beasts","2"
"planed","2"
"foe","2"
"urging","2"
"Thetis","2"
"concerning","2"
"escorted","2"
"overrun","2"
"breed","2"
"disturbed","2"
"nature","2"
"perceive","2"
"building","2"
"ploughing","2"
"wantonness","2"
"hated","2"
"precipices","2"
"Helen's","2"
"insulting","2"
"Aegyptus","2"
"rowed","2"
"hardest","2"
"daring","2"
"required","2"
"conceived","2"
"banqueting","2"
"happily","2"
"eaters","2"
"steersmen","2"
"currents","2"
"Cape","2"
"swooped","2"
"clamorous","2"
"wakes","2"
"Phylo","2"
"ally","2"
"leathern","2"
"songs","2"
"flies","2"
"ordering","2"
"formal","2"
"reckon","2"
"richest","2"
"chide","2"
"bluster","2"
"Egyptian","2"
"eased","2"
"delayed","2"
"spunging","2"
"slay","2"
"breaks","2"
"thanks","2"
"plunged","2"
"cypress","2"
"passenger","2"
"chattering","2"
"furnished","2"
"loathing","2"
"jeering","2"
"boot","2"
"bards","2"
"delay","2"
"applaud","2"
"weal","2"
"reminds","2"
"poplar","2"
"kicked","2"
"sorrowful","2"
"alder","2"
"toils","2"
"huntsmen","2"
"overpowered","2"
"Ops","2"
"contended","2"
"requite","2"
"prophecyings","2"
"bereft","2"
"tower","2"
"thole","2"
"wife's","2"
"household","2"
"jaws","2"
"dried","2"
"unweariable","2"
"preparing","2"
"interesting","2"
"suggestion","2"
"villainy","2"
"size","2"
"waking","2"
"murdering","2"
"miller","2"
"band","2"
"riches","2"
"wit","2"
"daylight","2"
"decide","2"
"yarn","2"
"swallow","2"
"tremble","2"
"faith","2"
"rumour","2"
"wretched","2"
"re","2"
"charged","2"
"centre","2"
"idle","2"
"magnificently","2"
"trace","2"
"Phronius","2"
"hears","2"
"brass","2"
"retired","2"
"tune","2"
"waist","2"
"gossamer","2"
"fabric","2"
"inherit","2"
"caressed","2"
"Styx","2"
"leaned","2"
"scheming","2"
"advising","2"
"rafter","2"
"flatter","2"
"dealing","2"
"oats","2"
"copper","2"
"cargo","2"
"astonishment","2"
"bored","2"
"kinsmen","2"
"hoisted","2"
"excellently","2"
"socket","2"
"wicker","2"
"workmanlike","2"
"wonderfully","2"
"exit","2"
"starred","2"
"suited","2"
"detaining","2"
"trough","2"
"mash","2"
"largest","2"
"pine","2"
"spot","2"
"tournament","2"
"impatient","2"
"casks","2"
"alf","2"
"omened","2"
"unblended","2"
"safety","2"
"vigour","2"
"herbage","2"
"glared","2"
"murdered","2"
"staid","2"
"supported","2"
"abounding","2"
"lofty","2"
"chests","2"
"refreshed","2"
"secretly","2"
"ploughed","2"
"Ilus","2"
"descended","2"
"yielded","2"
"insists","2"
"courtyard","2"
"beams","2"
"poison","2"
"Ephyra","2"
"Iasion","2"
"infancy","2"
"offices","2"
"trembled","2"
"jealous","2"
"loin","2"
"marrying","2"
"departed","2"
"Ortygia","2"
"pomp","2"
"whichever","2"
"distressing","2"
"relief","2"
"below","2"
"beating","2"
"contend","2"
"Deiphobus","2"
"flight","2"
"sallied","2"
"wheeled","2"
"happening","2"
"brewing","2"
"Anticlus","2"
"seize","2"
"clapped","2"
"tighter","2"
"seal","2"
"skinned","2"
"falling","2"
"crimson","2"
"Peirithous","2"
"trident","2"
"Gyrae","2"
"vying","2"
"Alcmena","2"
"Tyro","2"
"wounds","2"
"'Your","2"
"foreland","2"
"hindered","2"
"shout","2"
"contending","2"
"wooden","2"
"counting","2"
"eagles","2"
"creditable","2"
"leader","2"
"information","2"
"sworn","2"
"becomes","2"
"convincing","2"
"examined","2"
"starved","2"
"catching","2"
"hind","2"
"usurp","2"
"fuel","2"
"adding","2"
"grassy","2"
"suit","2"
"cheered","2"
"wrestled","2"
"Philomeleides","2"
"prevaricate","2"
"breeze","2"
"apartment","2"
"troublesome","2"
"stiff","2"
"read","2"
"foretold","2"
"sunshine","2"
"suspecting","2"
"ambush","2"
"accord","2"
"fingers","2"
"prophesying","2"
"count","2"
"forecourt","2"
"inches","2"
"speeches","2"
"cowards","2"
"'it","2"
"pretence","2"
"seldom","2"
"snare","2"
"lard","2"
"Neptune's","2"
"accomplishments","2"
"visited","2"
"aggrieved","2"
"pestering","2"
"flames","2"
"straits","2"
"woo","2"
"herald","2"
"rue","2"
"convened","2"
"foals","2"
"treatment","2"
"levelled","2"
"discs","2"
"bright","2"
"ringleaders","2"
"brood","2"
"heretofore","2"
"recklessness","2"
"banquets","2"
"hoped","2"
"intended","2"
"comeliness","2"
"veins","2"
"dears","2"
"receiving","2"
"baby","2"
"bolt","2"
"gardener","2"
"distinction","2"
"approaching","2"
"neighbouring","2"
"anybody","2"
"bursting","2"
"founded","2"
"voyages","2"
"malicious","2"
"coward","2"
"Aegyptius","2"
"govern","2"
"'The","2"
"act","2"
"torchlight","2"
"'is","2"
"Rhadamanthus","2"
"messages","2"
"herbs","2"
"haired","2"
"undoing","2"
"key","2"
"slip","2"
"threats","2"
"difficulties","2"
"warriors","2"
"awaiting","2"
"honourable","2"
"horsemen","2"
"invited","2"
"Evenor","2"
"exchange","2"
"spreading","2"
"councils","2"
"Vulcan's","2"
"apartments","2"
"Phaedimus","2"
"rim","2"
"disgraced","2"
"ointments","2"
"drinks","2"
"sings","2"
"shroud","2"
"hail","2"
"remedy","2"
"discretion","2"
"delightful","2"
"immoderately","2"
"whomsoever","2"
"rotting","2"
"Internet","2"
"Provided","2"
"Archive","2"
"Classics","2"
"drying","2"
"eighth","2"
"haply","2"
"bane","2"
"convulsively","2"
"fool's","2"
"cruse","2"
"twelvemonth","2"
"covenant","2"
"hoofs","2"
"celebrated","2"
"juicy","2"
"mit","2"
"travelling","2"
"plotted","2"
"helm","2"
"difference","2"
"cunningly","2"
"ages","2"
"cleansed","2"
"melted","2"
"shafts","2"
"exulting","2"
"battered","2"
"plainness","2"
"hereabouts","2"
"soften","2"
"Phaestus","2"
"fastened","2"
"harassed","2"
"meadows","2"
"lined","2"
"loyal","2"
"lain","2"
"gild","2"
"mate","2"
"sun's","2"
"begun","2"
"plundered","2"
"acquainted","2"
"praise","2"
"shipwreck","2"
"leg","2"
"shaft","2"
"declare","2"
"Olympian","2"
"festival","2"
"thee","2"
"stock","2"
"bounteous","2"
"exhausted","2"
"bedroom","2"
"permit","2"
"rovers","2"
"wishing","2"
"Telemachus'","2"
"boldly","2"
"seek","2"
"bachelors","2"
"arrangement","2"
"big","2"
"receive","2"
"robes","2"
"thereafter","2"
"meals","2"
"owing","2"
"beats","2"
"Eurynomus","2"
"confirm","2"
"cisterns","2"
"wooers","2"
"scoundrels","2"
"fishermen","2"
"stormy","2"
"tamely","2"
"submit","2"
"huddled","2"
"paved","2"
"Ranges","2"
"hyacinth","2"
"blossoms","2"
"Tue","2"
"curls","2"
"glorified","2"
"elsewhither","2"
"ravenously","2"
"skilful","2"
"enriches","2"
"avenged","2"
"'Sweethearts","2"
"Varnish","2"
"vagabond","2"
"Achilles'","2"
"filth","2"
"Augustus","2"
"reserve","2"
"X","2"
"Encoding","2"
"Philoctetes","2"
"scandal","2"
"misconducted","2"
"fearful","2"
"natured","2"
"Neoptolemus","2"
"Euboea","2"
"'Who","2"
"bespattered","2"
"Stevenson","2"
"lightly","2"
"Daniel","2"
"difficult","2"
"12","2"
"Atomics","2"
"Deucalion","2"
"tossing","2"
"endure","2"
"vex","2"
"scampered","2"
"naked","2"
"painless","2"
"jutted","2"
"claiming","2"
"resemble","2"
"honeyed","2"
"sunset","2"
"appear","2"
"foreigners","2"
"crows","2"
"crouching","2"
"sounding","2"
"calling","2"
"cajoled","2"
"Chios","2"
"incessant","2"
"16","2"
"foreigner","2"
"18","2"
"48","2"
"prosperity","2"
"girls","2"
"fold","2"
"21","2"
"rested","2"
"embarked","2"
"nearest","2"
"liberal","2"
"Pylian","2"
"assembled","2"
"guilds","2"
"outlines","2"
"watched","2"
"reproach","2"
"preventing","2"
"moodily","2"
"purify","2"
"whirlwind","2"
"furled","2"
"assured","2"
"propitiate","2"
"ahead","2"
"duly","2"
"joining","2"
"sore","2"
"errands","2"
"earshot","2"
"deliver","2"
"Nestor's","2"
"crowded","2"
"pouring","2"
"handing","2"
"anvil","2"
"saluting","2"
"Earthquake","2"
"awaits","2"
"bend","2"
"deserve","2"
"layers","2"
"vaunt","2"
"bustling","2"
"pitiable","2"
"reeled","2"
"lordly","2"
"wrapped","2"
"screamed","2"
"summits","2"
"darted","2"
"topmost","2"
"behaved","2"
"Blest","2"
"shy","2"
"glittering","2"
"imperishable","2"
"base","2"
"strip","2"
"ripped","2"
"rank","2"
"kissing","2"
"handled","2"
"observe","2"
"tremendous","2"
"spilt","2"
"befallen","2"
"stirred","2"
"current","2"
"upland","2"
"plates","2"
"festivities","2"
"Demoptolemus","2"
"reins","2"
"reigning","2"
"girt","2"
"goldsmith","2"
"skilfully","2"
"spit","2"
"afforded","2"
"sheets","2"
"Aretus","2"
"Alpheus","2"
"guided","2"
"crowning","2"
"eyed","2"
"pointed","2"
"ride","2"
"Stratius","2"
"accordingly","2"
"enveloped","2"
"roughly","2"
"noose","2"
"roar","2"
"Perseus","2"
"thundering","2"
"inwardly","2"
"foam","2"
"Echephron","2"
"cloth","2"
"despairingly","2"
"foothold","2"
"angles","1"
"misbehaved","1"
"carding","1"
"amazement","1"
"coated","1"
"swamp","1"
"unholy","1"
"Dearth","1"
"nimble","1"
"disrespect","1"
"owned","1"
"'Keep","1"
"iniquity","1"
"unspoken","1"
"crouched","1"
"happier","1"
"nudged","1"
"vows","1"
"plagued","1"
"rime","1"
"carelessly","1"
"silent","1"
"thirds","1"
"echoed","1"
"swayed","1"
"ordained","1"
"believes","1"
"obstinate","1"
"Pylians","1"
"warmth","1"
"frost","1"
"innocent","1"
"brush","1"
"tending","1"
"ruthlessly","1"
"recalling","1"
"rejects","1"
"joyfully","1"
"Syra","1"
"established","1"
"freeze","1"
"hoar","1"
"rumours","1"
"reeds","1"
"respite","1"
"nonsense","1"
"mock","1"
"consequence","1"
"misled","1"
"dowry","1"
"teach","1"
"absurd","1"
"pillaged","1"
"exult","1"
"Phylacus","1"
"loath","1"
"punishment","1"
"confidently","1"
"tokens","1"
"prop","1"
"Peloponnese","1"
"carved","1"
"pledged","1"
"secured","1"
"height","1"
"Pheae","1"
"greatest","1"
"net","1"
"beauty's","1"
"thrushes","1"
"straightening","1"
"convinced","1"
"detain","1"
"works","1"
"heel","1"
"rouse","1"
"shovelled","1"
"tools","1"
"hemmed","1"
"tour","1"
"blessing","1"
"cheaper","1"
"inlaying","1"
"Friend'","1"
"wanderer","1"
"Theoclymenus'","1"
"pursuit","1"
"spending","1"
"enriched","1"
"Hyperesia","1"
"denied","1"
"quarrelled","1"
"nooses","1"
"Crouni","1"
"cleanses","1"
"embroidery","1"
"glittered","1"
"pollution","1"
"sage","1"
"Chalcis","1"
"dresses","1"
"shuddering","1"
"selected","1"
"stolen","1"
"someone","1"
"XXIII","1"
"shake","1"
"satisfactory","1"
"undergo","1"
"Amphilochus","1"
"goatskins","1"
"purified","1"
"extraordinarily","1"
"curiosity","1"
"depreciate","1"
"tidy","1"
"goose","1"
"anybody's","1"
"'or","1"
"unyielding","1"
"continuing","1"
"permitted","1"
"conceal","1"
"Andraemon","1"
"shade","1"
"Alcmaeon","1"
"Thoas","1"
"remove","1"
"stump","1"
"Strait","1"
"handy","1"
"mistrust","1"
"chop","1"
"cleaned","1"
"carpenter's","1"
"throned","1"
"protects","1"
"Actor","1"
"Aurora","1"
"services","1"
"Lampus","1"
"certainty","1"
"swill","1"
"unknown","1"
"Phaethon","1"
"equipped","1"
"increasing","1"
"attendants","1"
"morn","1"
"camping","1"
"XV","1"
"swoon","1"
"disguising","1"
"Laertes'","1"
"blear","1"
"clothe","1"
"brow","1"
"diadem","1"
"imagine","1"
"townspeople","1"
"bespatter","1"
"Arethusa","1"
"Raven","1"
"fattening","1"
"identity","1"
"beechmast","1"
"forty","1"
"vines","1"
"tusk","1"
"convince","1"
"affected","1"
"Troy's","1"
"restored","1"
"salutations","1"
"rejoined","1"
"naturedly","1"
"stowing","1"
"hooting","1"
"acceptable","1"
"noised","1"
"Naiad","1"
"greeting","1"
"lording","1"
"disreputable","1"
"messengers","1"
"timely","1"
"says'","1"
"safest","1"
"Therewith","1"
"Nericum","1"
"conversing","1"
"consulted","1"
"chased","1"
"sixty","1"
"herdsman's","1"
"herding","1"
"solid","1"
"mantles","1"
"oaken","1"
"wallowing","1"
"tapestry","1"
"sty","1"
"chamois","1"
"shaggy","1"
"proclaim","1"
"meanly","1"
"poorer","1"
"worries","1"
"customary","1"
"patience","1"
"bondman","1"
"dull","1"
"amply","1"
"quivered","1"
"tunic","1"
"Sicania","1"
"sling","1"
"Eperitus","1"
"bleared","1"
"withered","1"
"manifest","1"
"rag","1"
"crimes","1"
"thorn","1"
"Alybas","1"
"bewail","1"
"bushes","1"
"dowered","1"
"Apheidas","1"
"Polypemon","1"
"XIV","1"
"thrifty","1"
"track","1"
"forgave","1"
"coppers","1"
"chastise","1"
"bewailing","1"
"princely","1"
"delicate","1"
"international","1"
"pan","1"
"reserved","1"
"2000","1"
"rights","1"
"watering","1"
"timber","1"
"wiliness","1"
"runner","1"
"Orsilochus","1"
"1994","1"
"mien","1"
"presentation","1"
"dew","1"
"simple","1"
"American","1"
"edu","1"
"displease","1"
"classics@classics","1"
"escorting","1"
"requests","1"
"Thomas","1"
"Bushnell","1"
"disrespectfully","1"
"avoid","1"
"Translation","1"
"including","1"
"rooted","1"
"foggy","1"
"conventions","1"
"recognizing","1"
"recommend","1"
"permission","1"
"astonish","1"
"reproduction","1"
"rapid","1"
"eminent","1"
"diplomacy","1"
"wander","1"
"necessity","1"
"ancestors","1"
"falsehood","1"
"deceit","1"
"poise","1"
"damsel","1"
"orator","1"
"sided","1"
"revenged","1"
"Mastor","1"
"overwhelmed","1"
"mote","1"
"massacre","1"
"Dolius's","1"
"exploited","1"
"sheds","1"
"vainly","1"
"unwearying","1"
"thunderbolt","1"
"warful","1"
"vassal","1"
"owners","1"
"independent","1"
"loyally","1"
"spoils","1"
"statement","1"
"strife","1"
"parties","1"
"poised","1"
"Eupeithes'","1"
"infused","1"
"antagonist","1"
"hurl","1"
"bloodshed","1"
"soaring","1"
"pause","1"
"rattling","1"
"Sidonia","1"
"unsavoury","1"
"fatigue","1"
"charging","1"
"chivalry","1"
"hugely","1"
"heedless","1"
"muses","1"
"drift","1"
"view","1"
"truest","1"
"'Hold","1"
"stripped","1"
"souls","1"
"Leucas","1"
"nightfall","1"
"clouts","1"
"shadows","1"
"Aeisthus","1"
"Acastus","1"
"selling","1"
"reduced","1"
"intention","1"
"vase","1"
"mingled","1"
"multitude","1"
"captive","1"
"BSG","1"
"tomb","1"
"Hellespont","1"
"closer","1"
"bleached","1"
"enclosed","1"
"rascal","1"
"chaunted","1"
"committed","1"
"answering","1"
"dirge","1"
"clashed","1"
"pile","1"
"ashen","1"
"resins","1"
"kil","1"
"repose","1"
"clubbed","1"
"billet","1"
"dresser","1"
"stunned","1"
"reap","1"
"toll","1"
"compel","1"
"pig's","1"
"principles","1"
"Telepylos","1"
"especial","1"
"withholds","1"
"chuckle","1"
"furthered","1"
"chill","1"
"equitable","1"
"Maia","1"
"lengthways","1"
"slices","1"
"savoury","1"
"bats","1"
"hollow","1"
"awhile","1"
"gibbering","1"
"arrival","1"
"undid","1"
"squeal","1"
"whine","1"
"cluster","1"
"slid","1"
"pitying","1"
"XXIV","1"
"unbelieving","1"
"warning","1"
"precepice","1"
"Cyllene","1"
"summoned","1"
"Aetolian","1"
"damaged","1"
"refitting","1"
"manned","1"
"stint","1"
"conscience","1"
"compose","1"
"victim","1"
"excellence","1"
"raiding","1"
"booters","1"
"womankind","1"
"constancy","1"
"Tyndareus","1"
"un","1"
"picking","1"
"lodging","1"
"doubtless","1"
"falsehoods","1"
"hired","1"
"droves","1"
"widely","1"
"goatherds","1"
"moan","1"
"doings","1"
"sleeves","1"
"utterly","1"
"brambles","1"
"hoeing","1"
"patched","1"
"begone","1"
"kiss","1"
"allows","1"
"cap","1"
"prospered","1"
"servant's","1"
"reclaimed","1"
"scruple","1"
"bowels","1"
"shameful","1"
"thorns","1"
"penned","1"
"orchard","1"
"dish","1"
"slaves","1"
"footed","1"
"straw","1"
"leap","1"
"javelins","1"
"frugal","1"
"shares","1"
"wedlock","1"
"enabled","1"
"shirking","1"
"bragging","1"
"gird","1"
"expedition","1"
"devised","1"
"descent","1"
"noblest","1"
"amassed","1"
"shudder","1"
"instance","1"
"apace","1"
"allotted","1"
"evermore","1"
"endured","1"
"poverty","1"
"tempt","1"
"reminding","1"
"unexpectedly","1"
"darts","1"
"reverence","1"
"positive","1"
"bolting","1"
"lets","1"
"concubine","1"
"purchased","1"
"Melaneus","1"
"solace","1"
"Hylax","1"
"unsettling","1"
"speaks","1"
"professed","1"
"resume","1"
"finishing","1"
"'grant","1"
"beak","1"
"hailed","1"
"goat's","1"
"curved","1"
"perching","1"
"gnashing","1"
"kicking","1"
"pitiful","1"
"soared","1"
"loaves","1"
"Almighty","1"
"interpret","1"
"incensed","1"
"begs","1"
"stubbornness","1"
"swooping","1"
"pledging","1"
"vainest","1"
"health","1"
"dreamed","1"
"fancies","1"
"drubbing","1"
"unsubstantial","1"
"invariably","1"
"loins","1"
"scent","1"
"paunches","1"
"fatuous","1"
"urges","1"
"irrepressible","1"
"baring","1"
"'daughter","1"
"admit","1"
"projecting","1"
"gushing","1"
"skull","1"
"stalwart","1"
"unaccountable","1"
"portended","1"
"interpretation","1"
"bully","1"
"commanding","1"
"wears","1"
"complexion","1"
"tortures","1"
"dun","1"
"Hippodamia","1"
"Autonoe","1"
"ambrosial","1"
"nightingale","1"
"loveliness","1"
"whiter","1"
"nearer","1"
"briefly","1"
"disgracefully","1"
"discreditable","1"
"injury","1"
"distinguished","1"
"attending","1"
"unmeasurable","1"
"discreet","1"
"desperately","1"
"dishonour","1"
"infamy","1"
"Nay","1"
"Itylus","1"
"bloodlessly","1"
"uncertainty","1"
"safeguard","1"
"confidence","1"
"vainglory","1"
"toss","1"
"bowing","1"
"hint","1"
"plaintive","1"
"covert","1"
"incessantly","1"
"shadiest","1"
"foreboded","1"
"mishap","1"
"feigned","1"
"trill","1"
"pours","1"
"usher","1"
"haunts","1"
"methought","1"
"accomplishment","1"
"orphans","1"
"history","1"
"ache","1"
"grind","1"
"deities","1"
"believed","1"
"puzzled","1"
"overflowing","1"
"unwasted","1"
"fret","1"
"yielding","1"
"surrounding","1"
"consume","1"
"descendants","1"
"entranced","1"
"declares","1"
"indoors","1"
"paths","1"
"fists","1"
"pestilence","1"
"tied","1"
"handedly","1"
"lavishly","1"
"roving","1"
"bowed","1"
"decency","1"
"Dmetor","1"
"captives","1"
"humouredly","1"
"sweeping","1"
"covers","1"
"stagger","1"
"calls","1"
"neglecting","1"
"busily","1"
"premises","1"
"pinch","1"
"sponge","1"
"jugs","1"
"heels","1"
"appointed","1"
"permanently","1"
"wink","1"
"defer","1"
"Arnaeus","1"
"hulking","1"
"flood","1"
"dwellers","1"
"recline","1"
"frowned","1"
"roundly","1"
"sever","1"
"quarreled","1"
"goats'","1"
"ragged","1"
"trippingly","1"
"incense","1"
"stays","1"
"tusks","1"
"fag","1"
"patient","1"
"defended","1"
"avoiding","1"
"growls","1"
"growl","1"
"strictly","1"
"avengers","1"
"Supposing","1"
"chided","1"
"partner","1"
"bitch","1"
"wakefully","1"
"misconducting","1"
"incorrigible","1"
"drunkard","1"
"XX","1"
"growled","1"
"overhear","1"
"giggling","1"
"notorious","1"
"XVIII","1"
"limp","1"
"decently","1"
"earlier","1"
"xaging","1"
"Amnisus","1"
"Ilithuia","1"
"jug","1"
"thirteenth","1"
"ringing","1"
"subscriptions","1"
"unfriendly","1"
"Mulius","1"
"management","1"
"Pelasgi","1"
"altogether","1"
"Dorians","1"
"bolted","1"
"Aethon","1"
"XIX","1"
"conference","1"
"removed","1"
"Cnossus","1"
"tawny","1"
"mowing","1"
"device","1"
"acre","1"
"mated","1"
"strangling","1"
"onion","1"
"paws","1"
"spotted","1"
"mow","1"
"straighter","1"
"bank","1"
"sought","1"
"thawed","1"
"wastes","1"
"breathed","1"
"recollect","1"
"pin","1"
"test","1"
"ind","1"
"overflow","1"
"chafes","1"
"ravages","1"
"righteousness","1"
"yields","1"
"monarch","1"
"abominably","1"
"Impudent","1"
"notwithstanding","1"
"upholds","1"
"blameless","1"
"virtues","1"
"brokenhearted","1"
"heaviness","1"
"artisans","1"
"complaining","1"
"person's","1"
"betrayed","1"
"pressure","1"
"increase","1"
"invent","1"
"stratagems","1"
"flaming","1"
"aglow","1"
"Eteocretans","1"
"Icmalius","1"
"scrolls","1"
"radiance","1"
"lamp","1"
"marvel","1"
"supports","1"
"crossbeams","1"
"emptied","1"
"generall","1"
"exiles","1"
"costs","1"
"wanton","1"
"beware","1"
"rail","1"
"overlap","1"
"languages","1"
"firebrand","1"
"spying","1"
"scythe","1"
"slow","1"
"Antinous's","1"
"embroidered","1"
"breezy","1"
"valleys","1"
"baying","1"
"bay","1"
"chasing","1"
"custom","1"
"cuts","1"
"slopes","1"
"highly","1"
"earrings","1"
"companionship","1"
"thief","1"
"perjurer","1"
"chain","1"
"Amphithea","1"
"gleamed","1"
"Eurydamas's","1"
"grandmother","1"
"Iasian","1"
"scarred","1"
"mutual","1"
"carcass","1"
"healed","1"
"drunken","1"
"nods","1"
"thrashing","1"
"overturned","1"
"Euryclea's","1"
"foresaw","1"
"brute","1"
"sideways","1"
"'he","1"
"decides","1"
"flashing","1"
"gash","1"
"bone","1"
"knee","1"
"'Wife","1"
"ripping","1"
"gossips","1"
"mention","1"
"detested","1"
"Vixen","1"
"cudgel","1"
"toys","1"
"wily","1"
"consideration","1"
"misconduct","1"
"disfigure","1"
"scowling","1"
"Eurybates","1"
"familiarity","1"
"curly","1"
"equals","1"
"hunched","1"
"aver","1"
"indisputable","1"
"wolds","1"
"deeply","1"
"shoes","1"
"dreadfully","1"
"sluts","1"
"rarest","1"
"sleepless","1"
"danced","1"
"occurred","1"
"grandfather","1"
"feelings","1"
"pendants","1"
"choosing","1"
"shipboard","1"
"chopped","1"
"sex","1"
"superior","1"
"mightiest","1"
"uncivil","1"
"foresworn","1"
"snowy","1"
"deals","1"
"squalid","1"
"righteous","1"
"instruct","1"
"marauders","1"
"superintend","1"
"menacingly","1"
"More's","1"
"maltreated","1"
"grossly","1"
"dangerously","1"
"emnity","1"
"recklessly","1"
"entry","1"
"doubled","1"
"agonies","1"
"differently","1"
"restrained","1"
"propitious","1"
"lasted","1"
"revealed","1"
"plumes","1"
"hack","1"
"motioned","1"
"unsewn","1"
"pillar","1"
"assuredly","1"
"refuge","1"
"straps","1"
"embraced","1"
"years'","1"
"bondage","1"
"platters","1"
"sheepskin","1"
"rotted","1"
"scoundrel","1"
"sights","1"
"sharper","1"
"passages","1"
"brandishing","1"
"linger","1"
"innermost","1"
"despite","1"
"wrongs","1"
"Melanthius'","1"
"disport","1"
"collect","1"
"twit","1"
"twittering","1"
"notch","1"
"steel","1"
"allies","1"
"drag","1"
"nod","1"
"ornaments","1"
"apiece","1"
"compunction","1"
"tricky","1"
"disloyal","1"
"worms","1"
"alarmed","1"
"strings","1"
"gut","1"
"successful","1"
"impunity","1"
"fancier","1"
"immeasurably","1"
"offending","1"
"crooked","1"
"peasants","1"
"fledged","1"
"shot","1"
"nipple","1"
"moment's","1"
"softened","1"
"instantly","1"
"Cod","1"
"revellers","1"
"gushed","1"
"awed","1"
"youths","1"
"XXII","1"
"yi","1"
"mistake","1"
"coasts","1"
"upset","1"
"om","1"
"lend","1"
"horrible","1"
"buy","1"
"cower","1"
"freight","1"
"funny","1"
"Terpes","1"
"studded","1"
"sternly","1"
"'Hush","1"
"wronged","1"
"swoop","1"
"Leocritus","1"
"admiring","1"
"repay","1"
"alighting","1"
"bargaining","1"
"crook","1"
"taloned","1"
"beaked","1"
"maddened","1"
"gadfly","1"
"mariners","1"
"comparable","1"
"gewgaws","1"
"weltering","1"
"netted","1"
"contains","1"
"bloody","1"
"communities","1"
"Ormenus","1"
"Ctesius","1"
"resist","1"
"owns","1"
"inspiration","1"
"price","1"
"visits","1"
"'Would","1"
"Sidon","1"
"searched","1"
"Arybas","1"
"freshly","1"
"disrespectful","1"
"lack","1"
"brunt","1"
"dwelt","1"
"kindnesses","1"
"XVI","1"
"midway","1"
"feathers","1"
"royal","1"
"brag","1"
"unsupported","1"
"lamentably","1"
"footsteps","1"
"noticing","1"
"acquaintance","1"
"urn","1"
"fawning","1"
"pot","1"
"widow","1"
"hotch","1"
"beguile","1"
"siding","1"
"taunted","1"
"mouthed","1"
"mooring","1"
"Eurydamas","1"
"repair","1"
"chattels","1"
"sundry","1"
"interest","1"
"Polytherses","1"
"wickedly","1"
"Eumaeus's","1"
"Euryades","1"
"Elatus","1"
"crown","1"
"hawk","1"
"wooer","1"
"persistent","1"
"estimation","1"
"graze","1"
"regained","1"
"weapons","1"
"proving","1"
"merriment","1"
"abundant","1"
"silently","1"
"battlements","1"
"Sicels","1"
"cur","1"
"gruesome","1"
"pocket","1"
"swineherd's","1"
"leisure","1"
"useless","1"
"hardened","1"
"forebodings","1"
"cravings","1"
"pricked","1"
"smeared","1"
"blighting","1"
"provoking","1"
"loitering","1"
"drip","1"
"blotted","1"
"folds","1"
"scraps","1"
"fatten","1"
"prodigies","1"
"bellowing","1"
"abusing","1"
"rubbing","1"
"contained","1"
"stepped","1"
"platform","1"
"mission","1"
"budge","1"
"Messene","1"
"gadding","1"
"XXI","1"
"conditioned","1"
"debt","1"
"Messenians","1"
"stools","1"
"hip","1"
"kick","1"
"hearts'","1"
"ribald","1"
"threatening","1"
"belongs","1"
"hurts","1"
"smiling","1"
"grimly","1"
"confident","1"
"abuse","1"
"fulfil","1"
"purposely","1"
"poorest","1"
"poorly","1"
"bounty","1"
"boatmen","1"
"saluted","1"
"breadbaskets","1"
"bitterest","1"
"interests","1"
"dainty","1"
"take'","1"
"neglected","1"
"hares","1"
"heaps","1"
"stable","1"
"cow","1"
"obstacles","1"
"contrary","1"
"inheritance","1"
"gainsay","1"
"commend","1"
"fleas","1"
"behaviour","1"
"ash","1"
"skillfully","1"
"loaf","1"
"Sardinian","1"
"belonged","1"
"tail","1"
"beckoned","1"
"scenes","1"
"serving","1"
"feather","1"
"schemer","1"
"Lapithae","1"
"Eurytion","1"
"Madman","1"
"Centaur","1"
"heinous","1"
"centaurs","1"
"crazed","1"
"angered","1"
"dissuade","1"
"inflamed","1"
"reddened","1"
"infuriated","1"
"unborn","1"
"inferior","1"
"dearest","1"
"neglect","1"
"lucky","1"
"appeal","1"
"craftily","1"
"illustrious","1"
"outcry","1"
"pelt","1"
"lowering","1"
"capturing","1"
"succession","1"
"privately","1"
"resuming","1"
"fibre","1"
"byblus","1"
"outbuildings","1"
"boarhounds","1"
"baser","1"
"grassed","1"
"agreeable","1"
"disturb","1"
"honestly","1"
"affair","1"
"clamoured","1"
"beggarly","1"
"gossiping","1"
"'These","1"
"OEnops","1"
"colder","1"
"eagerness","1"
"stamped","1"
"tug","1"
"Greeks","1"
"striven","1"
"enquiring","1"
"indignant","1"
"unused","1"
"Wade","1"
"simpletons","1"
"wayfarers","1"
"overtook","1"
"outrageous","1"
"louts","1"
"Neritus","1"
"Ithacus","1"
"groove","1"
"egging","1"
"circle","1"
"warming","1"
"wretchedly","1"
"frosty","1"
"tooth","1"
"kisses","1"
"XVII","1"
"forgo","1"
"burdened","1"
"beck","1"
"remaining","1"
"unfold","1"
"awa","1"
"grease","1"
"reclining","1"
"bridal","1"
"tip","1"
"ordain","1"
"obtaining","1"
"vowed","1"
"warmed","1"
"malice","1"
"sinned","1"
"transgress","1"
"refreshment","1"
"Ceres","1"
"matrimony","1"
"tide","1"
"channels","1"
"rills","1"
"luxuriantly","1"
"flowed","1"
"violets","1"
"irrigate","1"
"sunk","1"
"Calypso's","1"
"rapidly","1"
"straightforwardly","1"
"wrecks","1"
"aware","1"
"whit","1"
"fretting","1"
"readily","1"
"cherished","1"
"witnesses","1"
"mage","1"
"shuddered","1"
"Pieria","1"
"Argus","1"
"slayer","1"
"drenching","1"
"cormorant","1"
"skimmed","1"
"skurrying","1"
"subjects","1"
"harbinger","1"
"disaster","1"
"perilous","1"
"convoyed","1"
"plumage","1"
"owls","1"
"nests","1"
"smelling","1"
"trained","1"
"occupy","1"
"hawks","1"
"cedar","1"
"reek","1"
"journey's","1"
"warp","1"
"shuttle","1"
"sandal","1"
"battledore","1"
"thistledown","1"
"whirl","1"
"Leucothea","1"
"Cadmus","1"
"shuttlecock","1"
"surface","1"
"burial","1"
"pressing","1"
"drowning","1"
"spat","1"
"weighed","1"
"formerly","1"
"muttering","1"
"Ino's","1"
"horseback","1"
"staring","1"
"floated","1"
"Aegae","1"
"luring","1"
"enchanted","1"
"marine","1"
"rode","1"
"chaff","1"
"rear","1"
"shipwright","1"
"rivets","1"
"augers","1"
"gunwale","1"
"ribs","1"
"filed","1"
"adze","1"
"firmly","1"
"graceful","1"
"squaring","1"
"adzed","1"
"seasoned","1"
"steer","1"
"Solymi","1"
"dim","1"
"dipping","1"
"calamities","1"
"Ethiopia","1"
"muttered","1"
"levers","1"
"braces","1"
"hurdles","1"
"wain","1"
"Bootes","1"
"Pleiads","1"
"unsuspicious","1"
"watchman","1"
"'Now","1"
"Aegisthus'","1"
"shambles","1"
"butchering","1"
"headlong","1"
"drown","1"
"boasting","1"
"backed","1"
"Thyestes","1"
"promontory","1"
"writhing","1"
"softly","1"
"breathes","1"
"falls","1"
"contented","1"
"chalice","1"
"appeased","1"
"Elysian","1"
"kilting","1"
"beforehand","1"
"Elysium","1"
"easier","1"
"reigns","1"
"'First","1"
"shoals","1"
"chickens","1"
"slacken","1"
"grip","1"
"tallied","1"
"'some","1"
"'Can","1"
"inch","1"
"Halosydne's","1"
"furs","1"
"heralded","1"
"rely","1"
"snaring","1"
"leopard","1"
"dragon","1"
"hatred","1"
"'why","1"
"embarking","1"
"hundreds","1"
"fishy","1"
"stench","1"
"mane","1"
"noon","1"
"bask","1"
"Eumelus","1"
"Iphthime","1"
"motion","1"
"thoughts","1"
"dreamland","1"
"pulling","1"
"exterminate","1"
"sympathy","1"
"enlisting","1"
"hemming","1"
"lioness","1"
"bruised","1"
"torture","1"
"Asteris","1"
"islet","1"
"intent","1"
"Tithonus","1"
"V","1"
"channel","1"
"commission","1"
"gatherings","1"
"roughing","1"
"vivid","1"
"comforted","1"
"dissipated","1"
"yearling","1"
"returns","1"
"suitable","1"
"lent","1"
"yourleave","1"
"freemen","1"
"kingdom","1"
"stables","1"
"adorn","1"
"racecourses","1"
"meadowsweet","1"
"thrives","1"
"oblige","1"
"impulse","1"
"utterance","1"
"design","1"
"corpse","1"
"transport","1"
"downstairs","1"
"harshly","1"
"schemes","1"
"flashed","1"
"frustrate","1"
"gratitude","1"
"dislike","1"
"lintel","1"
"pillars","1"
"enamel","1"
"expressly","1"
"consummate","1"
"mastiffs","1"
"Erechtheus","1"
"Marathon","1"
"disputes","1"
"cornice","1"
"paused","1"
"pondered","1"
"coverings","1"
"growth","1"
"intelligent","1"
"aspen","1"
"crop","1"
"rot","1"
"fruits","1"
"figures","1"
"seasons","1"
"persons","1"
"fluttering","1"
"shuttles","1"
"pedestals","1"
"topes","1"
"leans","1"
"firelight","1"
"endeavors","1"
"wrecking","1"
"plied","1"
"remark","1"
"disparaging","1"
"sh","1"
"man'","1"
"dedicated","1"
"scandalized","1"
"VII","1"
"descend","1"
"bolder","1"
"palisade","1"
"bridegroom","1"
"Eurymedon","1"
"originally","1"
"pitcher","1"
"entering","1"
"Eurymedusa","1"
"glide","1"
"abide","1"
"Yes","1"
"irritable","1"
"thoughtless","1"
"apt","1"
"beautified","1"
"Alcinous'","1"
"VIII","1"
"shores","1"
"provisioned","1"
"desolate","1"
"daughter's","1"
"westering","1"
"afternoon","1"
"impress","1"
"feats","1"
"eyesight","1"
"multitudes","1"
"oracle","1"
"quarrelling","1"
"gat","1"
"speeding","1"
"trials","1"
"favourably","1"
"outhouses","1"
"entertaining","1"
"smartest","1"
"visible","1"
"miraculous","1"
"splendours","1"
"discuss","1"
"elder","1"
"petition","1"
"tubs","1"
"trodden","1"
"raisins","1"
"town's","1"
"ducts","1"
"blossom","1"
"inconvenience","1"
"dire","1"
"thrusts","1"
"stomach","1"
"relate","1"
"replenishing","1"
"bids","1"
"solitary","1"
"selves","1"
"departing","1"
"sup","1"
"afflicted","1"
"stumble","1"
"hie","1"
"Hypereia","1"
"VI","1"
"girl's","1"
"Dymas's","1"
"furtherance","1"
"litter","1"
"squally","1"
"grafted","1"
"seed","1"
"brand","1"
"neighbor","1"
"bedside","1"
"fireside","1"
"illumined","1"
"peacefulness","1"
"harnessed","1"
"meetings","1"
"Papa","1"
"girdles","1"
"disorder","1"
"lazy","1"
"abides","1"
"walking","1"
"pleasanter","1"
"seaward","1"
"destiny","1"
"plucks","1"
"wherefore","1"
"prayerfully","1"
"aslant","1"
"shelving","1"
"eagerly","1"
"stirring","1"
"polypus","1"
"suckers","1"
"smashed","1"
"cling","1"
"damp","1"
"scarf","1"
"exhaustion","1"
"sucker","1"
"ungrafted","1"
"night's","1"
"completely","1"
"stilled","1"
"riverhood","1"
"swooning","1"
"breathe","1"
"swollen","1"
"Delos","1"
"palm","1"
"scion","1"
"accounting","1"
"discomfits","1"
"peaceful","1"
"persuasive","1"
"unkempt","1"
"famished","1"
"sisters","1"
"conjecture","1"
"implore","1"
"vested","1"
"bedded","1"
"market","1"
"briskly","1"
"sailor","1"
"gossip","1"
"archers","1"
"juts","1"
"land's","1"
"robber","1"
"introduce","1"
"gazed","1"
"scrubbed","1"
"Taygetus","1"
"huntress","1"
"veils","1"
"eclipse","1"
"hunt","1"
"Erymanthus","1"
"unharnessed","1"
"flagging","1"
"clattered","1"
"shingle","1"
"treading","1"
"vied","1"
"loveliest","1"
"stalks","1"
"nakedness","1"
"bough","1"
"prowls","1"
"glare","1"
"defying","1"
"outshine","1"
"beauties","1"
"bevy","1"
"bush","1"
"springs","1"
"haunt","1"
"grieveance","1"
"convene","1"
"necessary","1"
"ward","1"
"utter","1"
"purely","1"
"II","1"
"tidily","1"
"resentment","1"
"experience","1"
"place'","1"
"criers","1"
"defend","1"
"braggart","1"
"ventured","1"
"notices","1"
"readiness","1"
"'Sweet","1"
"artful","1"
"singlehanded","1"
"Themis","1"
"consciences","1"
"action","1"
"abetting","1"
"aiding","1"
"plead","1"
"rid","1"
"determine","1"
"rapt","1"
"praises","1"
"Orestes'","1"
"woodland","1"
"simply","1"
"wither","1"
"Mermerus","1"
"rascally","1"
"lances","1"
"maiden","1"
"pleasuring","1"
"soothsayer","1"
"lessons","1"
"shewed","1"
"blazing","1"
"hied","1"
"mourn","1"
"poets","1"
"feat","1"
"brawling","1"
"warmly","1"
"latest","1"
"undertaking","1"
"discernment","1"
"entirely","1"
"singeing","1"
"flaying","1"
"volunteers","1"
"odds","1"
"oust","1"
"Leiocritus","1"
"succeeding","1"
"likelihood","1"
"stuff","1"
"tauntingly","1"
"tackle","1"
"sanction","1"
"worrying","1"
"fuddle","1"
"caused","1"
"encouragingly","1"
"keeper","1"
"ripened","1"
"youngster","1"
"measures","1"
"sewn","1"
"lids","1"
"elect","1"
"calf","1"
"rigorously","1"
"prophesy","1"
"reader","1"
"circled","1"
"plaguing","1"
"choice'","1"
"'Send","1"
"continues","1"
"score","1"
"airs","1"
"prating","1"
"authority","1"
"treats","1"
"perfection","1"
"scandalous","1"
"wager","1"
"naughtiness","1"
"preach","1"
"harassing","1"
"talks","1"
"expectation","1"
"tiptoe","1"
"tormenting","1"
"Server","1"
"50","1"
"41","1"
"10","1"
"4","1"
"Apache/2","1"
"gzip","1"
"45445f2cf6f80","1"
"953e4","1"
"2008","1"
"Aug","1"
"Modified","1"
"Debian","1"
"Odyssey","1"
"html","1"
"edu//Homer/odyssey","1"
"Samuel","1"
"Translated","1"
"Homer","1"
"Available","1"
"v4","1"
"Via","1"
"//classics","1"
"http","1"
"online","1"
"chunked","1"
"Transfer","1"
"9984","1"
"Cache","1"
"bytes","1"
"Connection","1"
"OK","1"
"200","1"
"HTTP/1","1"
"255279909","1"
"255285148","1"
"Vary","1"
"Control","1"
"Jan","1"
"Expires","1"
"2019","1"
"W/","1"
"ETag","1"
"2020","1"
"Type","1"
"age=15552000","1"
"max","1"
"Jul","1"
"Date","1"
"text/plain","1"
"freely","1"
"annoyed","1"
"damask","1"
"perforce","1"
"compelled","1"
"embellishments","1"
"quantities","1"
"cleaning","1"
"draughts","1"
"partaken","1"
"admittance","1"
"vexed","1"
"cheap","1"
"estates","1"
"resource","1"
"assure","1"
"disgust","1"
"riot","1"
"atrociously","1"
"declared","1"
"purse","1"
"powder","1"
"pottering","1"
"Rheithron","1"
"Temesa","1"
"sire","1"
"halves","1"
"world's","1"
"lonely","1"
"bleeds","1"
"unrighteously","1"
"manners","1"
"ingenious","1"
"Butler","1"
"persecuted","1"
"whatsoever","1"
"customs","1"
"columns","1"
"wherewith","1"
"embolden","1"
"pacified","1"
"visitor","1"
"ranks","1"
"quells","1"
"chimneys","1"
"blandishment","1"
"asunder","1"
"torments","1"
"Thoosa","1"
"capable","1"
"mansion","1"
"perfidy","1"
"shockingly","1"
"legacy","1"
"risked","1"
"tires","1"
"events","1"
"greeted","1"
"maidservant","1"
"lamb","1"
"Erembians","1"
"undergone","1"
"yearned","1"
"spun","1"
"wheels","1"
"tripods","1"
"guess","1"
"coloured","1"
"violet","1"
"perfumed","1"
"vaulted","1"
"mentioned","1"
"Alcandra","1"
"Alcippe","1"
"Adraste","1"
"sweetmeats","1"
"provision","1"
"henchmen","1"
"swaying","1"
"citadel","1"
"princes","1"
"pronged","1"
"Clymenus","1"
"eldest","1"
"worthy","1"
"Polycaste","1"
"toasted","1"
"IV","1"
"simpleton","1"
"Boethous","1"
"hurrying","1"
"mangers","1"
"sweating","1"
"bustled","1"
"bondwoman","1"
"Alector","1"
"clansmen","1"
"performing","1"
"tumblers","1"
"Hermione","1"
"displayed","1"
"deficient","1"
"oam","1"
"muzzled","1"
"mimicked","1"
"pat","1"
"enemy's","1"
"bruises","1"
"exploits","1"
"betray","1"
"disguise","1"
"menial","1"
"avail","1"
"pangs","1"
"hooks","1"
"barbed","1"
"'whichever","1"
"'Let","1"
"hunger","1"
"dues","1"
"addresses","1"
"miscreants","1"
"Idothea","1"
"becalmed","1"
"Pharos","1"
"intercourse","1"
"interrupted","1"
"subject","1"
"forenoon","1"
"filling","1"
"grudged","1"
"discourse","1"
"modest","1"
"expression","1"
"granted","1"
"supporters","1"
"divinely","1"
"shave","1"
"poisonous","1"
"Thon","1"
"Polydamna","1"
"wills","1"
"Paeeon","1"
"physician","1"
"Asphalion","1"
"offspring","1"
"wring","1"
"sovereign","1"
"hewn","1"
"banishes","1"
"bandying","1"
"appease","1"
"advised","1"
"Tenedos","1"
"smoothed","1"
"rent","1"
"befell","1"
"import","1"
"Gerene","1"
"singleness","1"
"privateering","1"
"certify","1"
"Tydeus","1"
"remind","1"
"nobly","1"
"Poias","1"
"voyaging","1"
"hour","1"
"befall","1"
"soonest","1"
"Mimas","1"
"Psyra","1"
"reports","1"
"duty","1"
"Geraestus","1"
"guild","1"
"III","1"
"brim","1"
"nervous","1"
"anchor","1"
"arrived","1"
"whistled","1"
"stores","1"
"drowsiness","1"
"hissed","1"
"bellied","1"
"hoist","1"
"address","1"
"encirclest","1"
"thou","1"
"precedence","1"
"knight","1"
"carvers","1"
"likewise","1"
"suggested","1"
"questioning","1"
"conversations","1"
"lifts","1"
"prompt","1"
"instinct","1"
"rooms","1"
"aforetime","1"
"marble","1"
"visibly","1"
"manifested","1"
"sixth","1"
"unbroken","1"
"browed","1"
"Trito","1"
"unmarried","1"
"jar","1"
"eleven","1"
"yesterday's","1"
"lock","1"
"bucket","1"
"pattern","1"
"Eurydice","1"
"venerable","1"
"tendons","1"
"hammer","1"
"logs","1"
"Laerceus","1"
"gilded","1"
"smith","1"
"tongs","1"
"terms","1"
"expectations","1"
"succeeded","1"
"steersman","1"
"Phrontis","1"
"Sunium","1"
"seagulls","1"
"flattery","1"
"divined","1"
"tapestries","1"
"willingly","1"
"batten","1"
"Menelaus'","1"
"hours","1"
"obedient","1"
"alien","1"
"Cauconians","1"
"forgoing","1"
"religious","1"
"Iardanus","1"
"Cydonians","1"
"Malean","1"
"arter","1"
"Gortyn","1"
"stretching","1"
"wiped","1"
"Pollux","1"
"breaker","1"
"Tyndarus","1"
"Iphimedeia","1"
"dispensation","1"
"special","1"
"rangers","1"
"grounds","1"
"grazing","1"
"Leda","1"
"expounded","1"
"liberty","1"
"Aloeus","1"
"scale","1"
"Pelion","1"
"cubits","1"
"Ariadne","1"
"Procris","1"
"Phaedra","1"
"Ephialtes","1"
"Otus","1"
"boasted","1"
"measured","1"
"fathoms","1"
"excepted","1"
"indomitable","1"
"walled","1"
"boast","1"
"OEdipodes","1"
"Creon","1"
"Megara","1"
"Amythaon","1"
"Pheres","1"
"Aeson","1"
"Asopus","1"
"Antiope","1"
"charioteer","1"
"proclaimed","1"
"Chromius","1"
"Minyan","1"
"priceless","1"
"Pero","1"
"marvellously","1"
"Periclymenus","1"
"spirits","1"
"hanged","1"
"jailor","1"
"Chloris","1"
"ruing","1"
"outraged","1"
"march","1"
"joyful","1"
"welcomed","1"
"'Agamemnon","1"
"presume","1"
"trusting","1"
"Cassandra","1"
"reeking","1"
"nobleman","1"
"guilt","1"
"murderess","1"
"slut","1"
"goodliest","1"
"death's","1"
"'Say","1"
"prince","1"
"supersede","1"
"Phthia","1"
"wars","1"
"'Achilles","1"
"Aeacus","1"
"descendant","1"
"adored","1"
"fortunate","1"
"champion","1"
"redound","1"
"ultimately","1"
"decision","1"
"charlatan","1"
"beloved","1"
"fuller","1"
"Clymene","1"
"Maera","1"
"Dia","1"
"august","1"
"niggardly","1"
"Eriphyle","1"
"swindler","1"
"despatch","1"
"'noble","1"
"'King","1"
"gorgeous","1"
"picnic","1"
"butchered","1"
"evenings","1"
"practised","1"
"assures","1"
"tome","1"
"dismissed","1"
"sadder","1"
"dig","1"
"Acheron","1"
"branch","1"
"stages","1"
"depth","1"
"breadth","1"
"willows","1"
"Proserpine's","1"
"traversed","1"
"Cocytus","1"
"Pyriphlegethon","1"
"untimely","1"
"fastening","1"
"promising","1"
"earnestly","1"
"thirdly","1"
"repeat","1"
"brides","1"
"throats","1"
"comings","1"
"forgot","1"
"cool","1"
"enshrouded","1"
"Cimmerians","1"
"XI","1"
"affectionate","1"
"gambol","1"
"calves","1"
"interceded","1"
"relation","1"
"comfortingly","1"
"hogs","1"
"refusing","1"
"gnawing","1"
"frisking","1"
"blubbering","1"
"hullabalooing","1"
"reprimand","1"
"unshaken","1"
"complaints","1"
"furthering","1"
"'raise","1"
"aimlessly","1"
"flit","1"
"travels","1"
"hardships","1"
"weakened","1"
"'please","1"
"untold","1"
"cheerfulness","1"
"sinews","1"
"beguiling","1"
"'most","1"
"flits","1"
"consuming","1"
"fierceness","1"
"attacked","1"
"painlessly","1"
"swiftly","1"
"sharing","1"
"embracing","1"
"affection","1"
"severally","1"
"twins","1"
"embraces","1"
"'Tyro","1"
"namely","1"
"Iolcus","1"
"breeder","1"
"Enipeus","1"
"Salmoneus","1"
"questioned","1"
"virgin","1"
"arched","1"
"lover","1"
"withdraw","1"
"Anticlea","1"
"messmates","1"
"nurses","1"
"'about","1"
"sheathed","1"
"groan","1"
"quicker","1"
"'Elpenor","1"
"unlucky","1"
"limbo","1"
"unspeakable","1"
"'must","1"
"invites","1"
"magistrate","1"
"largely","1"
"suffers","1"
"anyhow","1"
"sleeps","1"
"eternity","1"
"gentle","1"
"series","1"
"undisturbed","1"
"spends","1"
"intends","1"
"squalls","1"
"damage","1"
"fruitlessly","1"
"belong","1"
"dances","1"
"unpropitious","1"
"ox's","1"
"bait","1"
"fisherman","1"
"sickening","1"
"den","1"
"munch","1"
"afield","1"
"grilled","1"
"using","1"
"homed","1"
"shine","1"
"accounts","1"
"square","1"
"famine","1"
"deaths","1"
"'Listen","1"
"sink","1"
"enrich","1"
"Rods","1"
"Sirens'","1"
"quickened","1"
"longed","1"
"coxswain","1"
"exhorted","1"
"unbound","1"
"'Come","1"
"kneading","1"
"kneaded","1"
"musically","1"
"wiser","1"
"'renowned","1"
"steaming","1"
"mud","1"
"deafening","1"
"suck","1"
"despairing","1"
"pounced","1"
"wit's","1"
"disobey","1"
"huddle","1"
"rapids","1"
"vomited","1"
"gloomy","1"
"strained","1"
"deathlike","1"
"hawser","1"
"hasten","1"
"curveted","1"
"prow","1"
"bounded","1"
"injure","1"
"adrift","1"
"individuals","1"
"grill","1"
"steaks","1"
"rowers","1"
"stallion","1"
"looms","1"
"hive","1"
"bees","1"
"passer","1"
"mysterious","1"
"entrances","1"
"pace","1"
"swiftest","1"
"falcon","1"
"storms","1"
"points","1"
"forgetful","1"
"snapped","1"
"squall","1"
"abated","1"
"backstay","1"
"diving","1"
"crushed","1"
"shining","1"
"'go","1"
"'Sun","1"
"crawled","1"
"wonders","1"
"shiver","1"
"reacfied","1"
"valuables","1"
"choicest","1"
"XIII","1"
"levy","1"
"recoup","1"
"acceptance","1"
"discharge","1"
"overshadowed","1"
"bat","1"
"stranded","1"
"cases","1"
"juryman","1"
"he'","1"
"endless","1"
"Sisyphus","1"
"whithers","1"
"Hebe","1"
"push","1"
"thirst","1"
"quench","1"
"lake","1"
"branches","1"
"parched","1"
"stooped","1"
"bare","1"
"hastened","1"
"Gorgon","1"
"appalling","1"
"recollection","1"
"reclined","1"
"XII","1"
"bondsman","1"
"infinity","1"
"gleaming","1"
"glorious","1"
"Pirithous","1"
"labours","1"
"quaking","1"
"bribes","1"
"Ceteians","1"
"aloof","1"
"Telamon","1"
"breathing","1"
"slew","1"
"unerring","1"
"Scyros","1"
"Memnon","1"
"Telephus","1"
"Eurypylus","1"
"dispute","1"
"beaks","1"
"unbreakable","1"
"sentences","1"
"Tantalus","1"
"Panopeus","1"
"violated","1"
"gained","1"
"judges","1"
"prisoners","1"
"rankle","1"
"'Ajax","1"
"pacify","1"
"invincible","1"
"escaping","1"
"sucks","1"
"lustily","1"
"snap","1"
"dawdle","1"
"lower","1"
"teems","1"
"dogfish","1"
"vomit","1"
"leaf","1"
"bowshot","1"
"Crataiis","1"
"prophecies","1"
"befriended","1"
"moorings","1"
"whitened","1"
"ripple","1"
"favourable","1"
"tended","1"
"dam","1"
"Scylla's","1"
"suckling","1"
"Neaera","1"
"Phaethusa","1"
"wreckage","1"
"whirlwinds","1"
"timid","1"
"piloted","1"
"Aetes","1"
"Argo","1"
"warble","1"
"unwarily","1"
"enchant","1"
"Wanderers","1"
"alternatives","1"
"coherent","1"
"Jason","1"
"cell","1"
"crunch","1"
"frightful","1"
"dolphins","1"
"peering","1"
"thrusting","1"
"yelps","1"
"stoutest","1"
"peak","1"
"shapen","1"
"mis","1"
"terror","1"
"screams","1"
"bravely","1"
"weeps","1"
"fades","1"
"slavery","1"
"flings","1"
"precipice","1"
"tents","1"
"freighting","1"
"raged","1"
"issued","1"
"propitiation","1"
"sobs","1"
"threat","1"
"traverse","1"
"rudders","1"
"relations","1"
"kinsman","1"
"hostile","1"
"moderate","1"
"wholly","1"
"evidently","1"
"pilots","1"
"absolutely","1"
"polite","1"
"contribute","1"
"singular","1"
"nimblest","1"
"hilt","1"
"lump","1"
"talent","1"
"hathed","1"
"Paphos","1"
"Thrace","1"
"stamping","1"
"Halius","1"
"seafaring","1"
"scabbard","1"
"ransom","1"
"owe","1"
"flame","1"
"fort","1"
"teaches","1"
"angel","1"
"donors","1"
"fits","1"
"newly","1"
"sticks","1"
"reminded","1"
"packing","1"
"harvest","1"
"colonized","1"
"shipwrights","1"
"breakers","1"
"mass","1"
"anchors","1"
"caves","1"
"laws","1"
"tillage","1"
"unsown","1"
"untilled","1"
"sportsmen","1"
"dividing","1"
"Maron","1"
"goatskin","1"
"crag","1"
"flavour","1"
"patron","1"
"Euanthes","1"
"overhung","1"
"cliff","1"
"'all","1"
"resembling","1"
"outlaw","1"
"laurels","1"
"ascends","1"
"reknowned","1"
"outlive","1"
"squat","1"
"group","1"
"forests","1"
"fills","1"
"bearer","1"
"IX","1"
"Firstly","1"
"conclude","1"
"rekindle","1"
"dearer","1"
"caring","1"
"Cythera","1"
"doubling","1"
"providence","1"
"inhuman","1"
"munching","1"
"array","1"
"booty","1"
"hazardous","1"
"tatters","1"
"invoked","1"
"waxed","1"
"unskilled","1"
"contests","1"
"cares","1"
"freights","1"
"outward","1"
"merchants","1"
"claves","1"
"powerfully","1"
"excels","1"
"taunt","1"
"banish","1"
"competitions","1"
"cargoes","1"
"massive","1"
"stung","1"
"taunts","1"
"gracefully","1"
"humming","1"
"swinging","1"
"crowned","1"
"charms","1"
"athlete","1"
"exercises","1"
"mistaken","1"
"judged","1"
"Prymneus","1"
"Nauteus","1"
"Ocyalus","1"
"Proreus","1"
"Ponteus","1"
"Eretmeus","1"
"boxers","1"
"accompaniment","1"
"minstrelsy","1"
"Acroneos","1"
"competitors","1"
"jumpers","1"
"Thoon","1"
"excelled","1"
"wrestling","1"
"races","1"
"games","1"
"Alcinous's","1"
"jumping","1"
"Tecton","1"
"Polyneus","1"
"Anabesineus","1"
"competed","1"
"Halios","1"
"Naubolus","1"
"passion","1"
"scout","1"
"barbarous","1"
"cripple","1"
"ridiculous","1"
"vestibule","1"
"festooned","1"
"forge","1"
"defiled","1"
"Sintians","1"
"subtle","1"
"ceiling","1"
"repaid","1"
"imploring","1"
"seriously","1"
"limping","1"
"debts","1"
"enforce","1"
"security","1"
"givers","1"
"bringer","1"
"honest","1"
"confound","1"
"inextinguishable","1"
"roared","1"
"alongside","1"
"exception","1"
"game","1"
"challenged","1"
"prematurely","1"
"Cechalian","1"
"bout","1"
"pleasantly","1"
"groping","1"
"host's","1"
"prudent","1"
"wrestle","1"
"farther","1"
"trip","1"
"connected","1"
"stewards","1"
"intrigue","1"
"twinkling","1"
"nimbly","1"
"aptitude","1"
"hereditary","1"
"apprehend","1"
"minstrels","1"
"changes","1"
"boxing","1"
"locked","1"
"herdsman","1"
"wages","1"
"directed","1"
"Artacia","1"
"attendant","1"
"Lamus","1"
"stronghold","1"
"abhorred","1"
"answers","1"
"salutes","1"
"Telepylus","1"
"giantess","1"
"Climbing","1"
"handiwork","1"
"discover","1"
"antlered","1"
"solitude","1"
"espied","1"
"ogres","1"
"hue","1"
"horrified","1"
"Perse","1"
"Aeetes","1"
"crunching","1"
"lusty","1"
"girds","1"
"floats","1"
"atmosphere","1"
"luxury","1"
"conceivable","1"
"extra","1"
"anxiously","1"
"swung","1"
"Hippotas","1"
"Aeoli","1"
"destroy","1"
"savour","1"
"dined","1"
"Aeolian","1"
"howling","1"
"'Vilest","1"
"movingly","1"
"sorrowfully","1"
"bedsteads","1"
"groans","1"
"roasting","1"
"prevailed","1"
"'Bless","1"
"thread","1"
"practise","1"
"witchcraft","1"
"talisman","1"
"uproot","1"
"Moly","1"
"spells","1"
"'eating","1"
"'answered","1"
"sob","1"
"lairs","1"
"enchantress","1"
"urgently","1"
"charming","1"
"arrayed","1"
"stiffness","1"
"tire","1"
"dumb","1"
"moody","1"
"heeding","1"
"housemaids","1"
"sheathe","1"
"drugs","1"
"boil","1"
"carpet","1"
"fountains","1"
"bewitched","1"
"prowling","1"
"companies","1"
"tails","1"
"enchantments","1"
"tamed","1"
"starve","1"
"cheeringly","1"
"steadying","1"
"ogre","1"
"rises","1"
"sets","1"
"rubbed","1"
"poisons","1"
"Pramnian","1"
"trusted","1"
"beech","1"
"acorns","1"
"grunted","1"
"claws","1"
"lovingly","1"
"noses","1"
"Polites","1"
"colours","1"
"dazzling","1"
"merchant","1"
"oared","1"
"intending","1"
"charring","1"
"proceeded","1"
"evenly","1"
"morning's","1"
"clutched","1"
"sobbing","1"
"shoo","1"
"'Shoo","1"
"clapping","1"
"ramping","1"
"faint","1"
"gorging","1"
"gobbets","1"
"auger","1"
"boring","1"
"glowing","1"
"drain","1"
"intolerably","1"
"raving","1"
"sprawling","1"
"Noman's","1"
"plausibly","1"
"waggons","1"
"rams","1"
"males","1"
"'Strangers","1"
"strainers","1"
"curdled","1"
"racks","1"
"misgave","1"
"fragrance","1"
"pails","1"
"dairy","1"
"hoggets","1"
"stress","1"
"marrow","1"
"gobbled","1"
"clutch","1"
"reflected","1"
"neat","1"
"uneaten","1"
"avenger","1"
"travellers","1"
"excellency","1"
"'sent","1"
"'Neptune","1"
"shunning","1"
"heading","1"
"freed","1"
"ram's","1"
"pole","1"
"jeer","1"
"aboard","1"
"flowery","1"
"mob","1"
"wont","1"
"lag","1"
"bubbling","1"
"mead","1"
"'Do","1"
"weakling","1"
"insignificant","1"
"superhuman","1"
"'Hear","1"
"cure","1"
"heal","1"
"jelly","1"
"pounded","1"
"provoke","1"
"Eurymus","1"
"Telemus","1"
"spoiled","1"
"yells","1"
"temper","1"
"hatchet","1"
"bleak","1"
"frenzy","1"
"plucked","1"
"scalded","1"
"eyeball","1"
"bubbled","1"
"plunges","1"
"blacksmith","1"
"sputtered","1"
"quarters","1"
"withies","1"
"threes","1"
"noiselessly","1"
"backs","1"
"udders","1"
"esconced","1"
"'Noman","1"
"stillness","1"
"'What","1"
"depends","1"
"puzzling","1"
"success","1"
